FULL NAME,TEAM,POS,AGE,GP,MPG,FTA,FT%,2PA,2P%,3PA,3P%,TrueSP,PointsPG,ReboundsPG,AssistsPG,StealsPG,BlocksPG,TurnOversPG
Stephen Curry,Gol,G,33.17,63,34.2,395,0.916,564,0.569,801,0.421,0.655,32,5.5,5.8,1.21,0.13,3.38
Bradley Beal,Was,G,27.89,60,35.8,459,0.889,1009,0.535,373,0.349,0.593,31.3,4.7,4.4,1.15,0.37,3.12
Damian Lillard,Por,G,30.84,67,35.8,482,0.927,630,0.519,704,0.391,0.623,28.7,4.2,7.5,0.93,0.25,3.03
Joel Embiid,Phi,C-F,27.17,51,31.1,548,0.859,745,0.541,154,0.377,0.636,28.5,10.5,2.8,0.98,1.35,3.12
Giannis Antetokounmpo,Mil,F,26.44,61,33,581,0.685,879,0.636,221,0.303,0.633,28.1,11,5.9,1.18,1.21,3.39
Luka Doncic,Dal,F-G,22.21,66,34.3,471,0.73,803,0.567,548,0.35,0.587,27.7,8,8.6,0.97,0.55,4.26
Zach LaVine,Chi,G-F,26.19,58,35.1,298,0.849,646,0.571,477,0.419,0.634,27.4,5,4.9,0.79,0.47,3.5
Zion Williamson,Nor,F,20.86,61,33.2,529,0.698,1003,0.622,34,0.294,0.649,27,7.2,3.7,0.93,0.64,2.74
Kevin Durant,Bro,F,32.63,35,33.1,238,0.882,414,0.577,189,0.45,0.666,26.9,7.1,5.6,0.71,1.29,3.43
Kyrie Irving,Bro,G,29.15,54,34.9,218,0.922,708,0.561,378,0.402,0.614,26.9,4.8,6,1.41,0.69,2.39
Nikola Jokic,Den,C,26.24,72,34.6,394,0.868,1056,0.606,237,0.388,0.647,26.4,10.8,8.3,1.32,0.67,3.08
Donovan Mitchell,Uta,G,24.69,53,33.4,316,0.845,630,0.476,461,0.386,0.569,26.4,4.4,5.2,0.98,0.28,2.77
Jayson Tatum,Bos,F-G,23.21,64,35.8,340,0.868,833,0.502,485,0.386,0.576,26.4,7.4,4.3,1.17,0.48,2.67
Devin Booker,Pho,G,24.54,67,33.9,392,0.867,916,0.543,371,0.34,0.587,25.6,4.2,4.3,0.79,0.24,3.09
Trae Young,Atl,G,22.66,63,33.7,546,0.886,715,0.491,397,0.343,0.589,25.3,3.9,9.4,0.84,0.17,4.14
De'Aaron Fox,Sac,G,23.41,58,35.1,417,0.719,790,0.539,320,0.322,0.565,25.2,3.5,7.2,1.5,0.47,3
LeBron James,Lal,F,36.38,45,33.4,255,0.698,537,0.592,285,0.365,0.603,25,7.7,7.8,1.07,0.56,3.73
James Harden,Hou,G,31.72,8,36.3,60,0.883,63,0.556,72,0.347,0.613,24.8,5.1,10.4,0.88,0.75,4.25
Kawhi Leonard,Lac,F,29.88,52,34.1,295,0.885,654,0.557,254,0.398,0.622,24.8,6.5,5.2,1.56,0.4,2.02
Karl-Anthony Towns,Min,C-F,25.5,50,33.8,311,0.859,560,0.541,315,0.387,0.612,24.8,10.6,4.5,0.76,1.14,3.2
Jaylen Brown,Bos,G-F,24.56,58,34.5,250,0.764,701,0.535,410,0.398,0.586,24.7,6,3.4,1.24,0.55,2.72
James Harden,Bro,G,31.72,36,36.6,263,0.856,337,0.552,262,0.366,0.619,24.6,8.6,10.9,1.28,0.75,3.97
Nikola Vucevic,Orl,C,30.56,44,34.1,110,0.827,620,0.515,288,0.406,0.565,24.5,11.8,3.8,0.95,0.64,1.89
Collin Sexton,Cle,G,22.36,60,35.3,383,0.815,841,0.508,264,0.371,0.573,24.3,3.1,4.4,1.05,0.17,2.78
Julius Randle,Nyk,F-C,26.46,71,37.6,429,0.811,933,0.474,389,0.411,0.567,24.1,10.2,6,0.9,0.25,3.38
Brandon Ingram,Nor,F,23.7,61,34.3,320,0.878,726,0.51,375,0.381,0.584,23.8,4.9,4.9,0.69,0.59,2.51
Shai Gilgeous-Alexander,Okc,G-F,22.85,35,33.7,229,0.808,395,0.547,170,0.418,0.623,23.7,4.7,5.9,0.77,0.66,3.03
Paul George,Lac,F,31.04,54,33.7,228,0.868,537,0.51,416,0.411,0.598,23.3,6.6,5.2,1.15,0.44,3.31
CJ McCollum,Por,G,29.66,47,34,133,0.812,464,0.509,420,0.402,0.577,23.1,3.9,4.7,0.94,0.45,1.36
Jerami Grant,Det,F,27.18,54,33.9,343,0.845,603,0.473,329,0.35,0.556,22.3,4.6,2.8,0.65,1.07,2.02
Russell Westbrook,Was,G,32.51,65,36.4,413,0.656,965,0.475,273,0.315,0.509,22.2,11.5,11.7,1.35,0.35,4.8
Anthony Davis,Lal,F-C,28.18,36,32.3,214,0.738,513,0.536,100,0.26,0.556,21.8,7.9,3.1,1.25,1.64,2.06
DeMar DeRozan,San,G-F,31.78,61,33.7,440,0.88,846,0.515,74,0.257,0.591,21.6,4.2,6.9,0.92,0.25,1.95
Jimmy Butler,Mia,F,31.67,52,33.6,416,0.863,634,0.538,102,0.245,0.607,21.5,6.9,7.1,2.08,0.35,2.1
Nikola Vucevic,Chi,C,30.56,26,32.6,46,0.87,336,0.509,152,0.388,0.55,21.5,11.6,3.9,0.88,0.77,1.65
Pascal Siakam,Tor,F,27.12,56,35.8,301,0.827,715,0.509,246,0.297,0.547,21.4,7.2,4.5,1.14,0.68,2.32
Malcolm Brogdon,Ind,G,28.43,56,34.5,177,0.864,606,0.493,374,0.388,0.561,21.2,5.3,5.9,0.88,0.27,2.05
Jamal Murray,Den,G,24.23,48,35.5,153,0.869,476,0.523,316,0.408,0.592,21.2,4,4.8,1.33,0.27,2.23
Victor Oladipo,Hou,G,29.03,20,33.5,83,0.783,228,0.465,153,0.32,0.508,21.2,4.8,5,1.2,0.5,2.55
Christian Wood,Hou,F,25.64,41,32.3,198,0.631,434,0.581,206,0.374,0.591,21,9.6,1.7,0.83,1.17,1.95
Caris LeVert,Ind,G,26.73,35,32.9,146,0.822,419,0.501,195,0.318,0.535,20.7,4.6,4.9,1.51,0.69,2.17
John Wall,Hou,G,30.69,40,32.2,211,0.749,477,0.449,249,0.317,0.503,20.6,3.2,6.9,1.05,0.78,3.53
Khris Middleton,Mil,F,29.76,68,33.4,236,0.898,709,0.508,365,0.414,0.588,20.4,6,5.4,1.09,0.15,2.6
Terry Rozier,Cha,G,27.17,69,34.5,202,0.817,562,0.512,571,0.389,0.576,20.4,4.4,4.2,1.25,0.38,1.87
Domantas Sabonis,Ind,F-C,25.04,62,36,328,0.732,742,0.582,162,0.321,0.601,20.3,12,6.7,1.23,0.53,3.44
Kristaps Porzingis,Dal,F-C,25.79,43,30.9,138,0.855,425,0.536,258,0.376,0.582,20.1,8.9,1.6,0.47,1.35,1.19
Victor Oladipo,Ind,G,29.03,9,33.3,37,0.73,83,0.47,69,0.362,0.535,20,5.7,4.2,1.67,0.22,2
Evan Fournier,Orl,G-F,28.55,26,30.3,123,0.797,181,0.536,188,0.388,0.604,19.7,2.9,3.7,1.04,0.35,2.08
Malik Beasley,Min,G,24.47,37,32.8,80,0.85,279,0.487,321,0.399,0.57,19.6,4.4,2.4,0.81,0.19,1.62
Gordon Hayward,Cha,F,31.15,44,34,185,0.843,453,0.499,205,0.415,0.584,19.6,5.9,4.1,1.18,0.32,2.07
Norman Powell,Tor,G,27.98,42,30.4,163,0.865,297,0.552,269,0.439,0.645,19.6,3,1.8,1.12,0.19,1.83
Fred VanVleet,Tor,G,27.22,52,36.5,191,0.885,394,0.416,476,0.366,0.534,19.6,4.2,6.3,1.67,0.71,1.83
Tobias Harris,Phi,F,28.84,62,32.5,204,0.892,716,0.546,208,0.394,0.597,19.5,6.8,3.5,0.89,0.82,1.73
Anthony Edwards,Min,G,19.78,72,32.1,272,0.776,690,0.484,520,0.329,0.523,19.3,4.7,2.9,1.14,0.49,2.24
Kemba Walker,Bos,G,31.03,43,31.8,149,0.899,323,0.486,353,0.36,0.559,19.3,4,4.9,1.12,0.28,2.05
Ja Morant,Mem,G,21.77,63,32.6,372,0.728,716,0.499,241,0.303,0.537,19.1,4,7.4,0.9,0.21,3.22
Kelly Olynyk,Hou,F-C,30.08,27,31.1,135,0.844,196,0.643,125,0.392,0.674,19,8.4,4.1,1.44,0.59,2.63
Michael Porter Jr.,Den,F,22.88,61,31.3,134,0.791,435,0.628,382,0.445,0.663,19,7.3,1.1,0.66,0.89,1.28
D'Angelo Russell,Min,G,25.23,42,28.5,149,0.765,342,0.471,310,0.387,0.555,19,2.6,5.8,1.07,0.43,2.67
Bam Adebayo,Mia,C-F,23.83,64,33.5,354,0.799,792,0.573,8,0.25,0.626,18.7,9,5.4,1.17,1.03,2.64
Andrew Wiggins,Gol,F,26.23,71,33.3,238,0.714,690,0.529,368,0.38,0.568,18.6,4.9,2.4,0.93,0.99,1.76
Caris LeVert,Bro,G,26.73,12,27.8,34,0.765,137,0.474,63,0.349,0.516,18.5,4.3,6,1.08,0.5,2.17
Jordan Clarkson,Uta,G,28.94,68,26.7,144,0.896,476,0.523,599,0.347,0.549,18.4,4,2.5,0.9,0.15,1.69
Eric Gordon,Hou,G,32.39,27,29.2,114,0.825,157,0.573,210,0.329,0.577,17.8,2.1,2.6,0.52,0.48,1.89
Jrue Holiday,Mil,G,30.93,59,32.3,136,0.787,540,0.561,283,0.392,0.592,17.7,4.5,6.1,1.64,0.63,2.15
RJ Barrett,Nyk,F-G,20.92,72,34.9,276,0.746,750,0.457,309,0.401,0.535,17.6,5.8,3,0.74,0.28,1.93
John Collins,Atl,F-C,23.65,63,29.3,204,0.833,563,0.615,208,0.399,0.645,17.6,7.4,1.2,0.54,1,1.33
Andre Drummond,Cle,C,27.77,25,28.9,129,0.597,372,0.484,8,0,0.5,17.5,13.5,2.6,1.6,1.16,3.24
Darius Garland,Cle,G,21.3,54,33.1,132,0.848,536,0.479,266,0.395,0.547,17.4,2.4,6.1,1.22,0.11,3.04
Dillon Brooks,Mem,G-F,25.32,67,29.8,195,0.815,659,0.461,372,0.344,0.515,17.2,2.9,2.3,1.16,0.39,1.78
Kyle Lowry,Tor,G,35.15,46,34.8,160,0.875,265,0.487,331,0.396,0.593,17.2,5.3,7.3,1.02,0.26,2.74
Jonas Valanciunas,Mem,C,29.03,62,28.3,203,0.773,685,0.612,57,0.368,0.636,17.1,12.5,1.8,0.56,0.92,1.61
Bojan Bogdanovic,Uta,F,32.08,72,30.8,265,0.879,464,0.487,461,0.39,0.588,17,3.9,1.9,0.63,0.06,1.78
Norman Powell,Por,G,27.98,27,34.4,108,0.88,205,0.502,147,0.361,0.576,17,3.3,1.9,1.3,0.37,1.59
Tim Hardaway Jr.,Dal,G-F,29.17,70,28.4,174,0.816,382,0.524,529,0.391,0.589,16.6,3.3,1.8,0.44,0.16,0.91
Buddy Hield,Sac,G,28.41,71,34.3,104,0.846,271,0.446,721,0.391,0.567,16.6,4.7,3.6,0.89,0.42,1.83
Kevin Porter Jr.,Hou,G-F,21.03,26,32.1,94,0.734,206,0.515,161,0.311,0.528,16.6,3.8,6.3,0.73,0.31,3.5
Bogdan Bogdanovic,Atl,G,28.74,44,29.7,44,0.909,232,0.522,333,0.438,0.616,16.4,3.6,3.3,1.11,0.3,1.23
Chris Paul,Pho,G,36.03,70,31.4,181,0.934,621,0.543,258,0.395,0.599,16.4,4.4,8.9,1.43,0.26,2.23
Khyri Thomas,Hou,G,25.02,5,30.6,9,1,39,0.59,27,0.333,0.586,16.4,3.6,5,1.8,1.2,1.2
Mike Conley,Uta,G,33.6,51,29.4,142,0.852,305,0.479,335,0.412,0.589,16.2,3.5,6,1.37,0.18,1.94
Gary Trent Jr.,Tor,G-F,22.33,17,31.8,31,0.806,137,0.431,124,0.355,0.501,16.2,3.6,1.3,1.12,0.24,0.71
Harrison Barnes,Sac,F,28.96,58,36.3,235,0.83,386,0.567,256,0.391,0.626,16.1,6.6,3.5,0.74,0.19,1.6
Elijah Bryant,Mil,G,20,1,31.6,3,1,8,0.625,5,0.2,0.559,16,6,3,0,1,4
OG Anunoby,Tor,F,23.83,43,33.3,102,0.784,257,0.564,261,0.398,0.606,15.9,5.5,2.2,1.53,0.72,1.74
LaMelo Ball,Cha,G,19.74,51,28.8,165,0.758,411,0.489,261,0.352,0.539,15.7,5.9,6.1,1.59,0.35,2.84
Dejounte Murray,San,G,24.66,67,31.9,134,0.791,775,0.488,199,0.317,0.509,15.7,7.1,5.4,1.51,0.1,1.75
Terrence Ross,Orl,G-F,30.28,46,29.3,138,0.87,352,0.469,264,0.337,0.53,15.6,3.4,2.4,1.02,0.46,1.59
T.J. Warren,Ind,F,27.7,4,29.4,10,0.8,44,0.614,7,0,0.56,15.5,3.5,1.3,0.5,0,1
Kelly Oubre Jr.,Gol,F-G,25.44,55,30.7,177,0.695,439,0.519,285,0.316,0.529,15.4,6,1.3,1.04,0.76,1.27
Dennis Schroder,Lal,G,27.67,61,32.1,243,0.848,548,0.476,212,0.335,0.543,15.4,3.5,5.8,1.16,0.21,2.67
Derrick White,San,G,26.87,36,29.5,114,0.851,210,0.486,243,0.346,0.55,15.4,3,3.5,0.72,1,1.25
Clint Capela,Atl,C,27,63,30.1,227,0.573,696,0.595,0,0,0.602,15.2,14.3,0.8,0.7,2.05,1.16
Tyler Herro,Mia,G,21.32,54,30.3,117,0.803,402,0.498,297,0.36,0.543,15.1,4.9,3.4,0.65,0.31,1.87
Coby White,Chi,G,21.25,69,31.2,142,0.901,448,0.473,454,0.359,0.54,15.1,4.1,4.8,0.55,0.22,2.26
De'Andre Hunter,Atl,F-G,23.46,23,29.5,85,0.859,153,0.582,95,0.326,0.603,15,4.8,1.9,0.83,0.52,1.26
Gary Trent Jr.,Por,G-F,22.33,41,30.8,75,0.773,219,0.438,305,0.397,0.55,15,2.2,1.4,0.9,0.15,0.76
Derrick Rose,Nyk,G,32.61,35,26.8,77,0.883,337,0.507,90,0.411,0.565,14.9,2.9,4.2,0.89,0.43,1.4
Devonte' Graham,Cha,G,26.23,55,30.2,158,0.842,192,0.38,477,0.375,0.552,14.8,2.7,5.4,0.87,0.11,1.53
Lonzo Ball,Nor,G,23.55,55,31.8,64,0.781,245,0.482,455,0.378,0.551,14.6,4.8,5.7,1.49,0.56,2.24
Aaron Gordon,Orl,F,25.67,25,29.4,105,0.629,181,0.475,112,0.375,0.537,14.6,6.6,4.2,0.64,0.8,2.68
Kendrick Nunn,Mia,G,25.79,56,29.5,60,0.933,338,0.583,320,0.381,0.596,14.6,3.2,2.6,0.96,0.25,1.43
Deandre Ayton,Pho,C,22.82,69,30.6,173,0.769,667,0.639,20,0.2,0.653,14.4,10.5,1.4,0.59,1.17,1.48
Jaren Jackson Jr.,Mem,F-C,21.67,11,23.5,42,0.833,65,0.554,60,0.283,0.551,14.4,5.6,1.1,1.09,1.64,1.36
Thomas Bryant,Was,C-F,23.8,10,27.1,24,0.667,70,0.714,21,0.429,0.704,14.3,6.1,1.5,0.4,0.8,1.1
Rudy Gobert,Uta,C,28.89,71,30.8,374,0.623,575,0.68,4,0,0.683,14.3,13.5,1.3,0.56,2.68,1.66
Ben Simmons,Phi,G-F,24.82,58,32.4,287,0.613,573,0.562,10,0.3,0.584,14.3,7.2,6.9,1.6,0.6,2.98
Richaun Holmes,Sac,F,27.59,61,29.2,170,0.794,564,0.645,11,0.182,0.669,14.2,8.3,1.7,0.64,1.56,1.23
Al Horford,Okc,C-F,34.95,28,27.9,22,0.818,208,0.51,152,0.368,0.538,14.2,6.7,3.4,0.89,0.93,1.04
Derrick Rose,Det,G,32.61,15,22.8,50,0.84,145,0.455,39,0.333,0.517,14.2,1.9,4.2,1.2,0.27,1.93
Marvin Bagley III,Sac,F,22.18,43,25.9,134,0.575,382,0.55,108,0.343,0.554,14.1,7.4,1,0.49,0.49,1.37
Joe Harris,Bro,G-F,29.69,69,31,63,0.778,263,0.555,444,0.475,0.663,14.1,3.6,1.9,0.68,0.2,0.9
Luguentz Dort,Okc,G,22.08,52,29.7,164,0.744,310,0.432,329,0.343,0.513,14,3.6,1.7,0.87,0.37,1.52
Rui Hachimura,Was,F,23.27,57,31.5,161,0.77,511,0.519,137,0.328,0.549,13.8,5.5,1.4,0.79,0.12,1.19
LaMarcus Aldridge,San,C-F,35.83,21,25.9,37,0.838,173,0.509,75,0.36,0.545,13.7,4.5,1.7,0.38,0.86,0.95
Darius Bazley,Okc,F-G,20.93,55,31.2,178,0.702,404,0.47,286,0.29,0.491,13.7,7.2,1.8,0.53,0.45,2.22
Chris Boucher,Tor,F-C,28.35,60,24.2,193,0.788,325,0.609,235,0.383,0.634,13.6,6.7,1.1,0.58,1.85,0.77
Lauri Markkanen,Chi,F-C,23.99,51,25.8,92,0.826,224,0.585,296,0.402,0.62,13.6,5.3,0.9,0.51,0.29,1.02
Doug McDermott,Ind,F,29.37,66,24.5,98,0.816,379,0.641,286,0.388,0.635,13.6,3.3,1.3,0.3,0.09,0.8
Mikal Bridges,Pho,F,24.71,72,32.6,131,0.84,353,0.649,315,0.425,0.668,13.5,4.3,2.1,1.06,0.88,0.81
Montrezl Harrell,Lal,F-C,27.3,69,22.9,256,0.707,593,0.632,10,0,0.65,13.5,6.2,1.1,0.67,0.71,1.07
Carmelo Anthony,Por,F,36.97,69,24.5,156,0.891,452,0.429,325,0.409,0.548,13.4,3.1,1.5,0.67,0.55,0.88
Goran Dragic,Mia,G,35.03,50,26.7,122,0.828,310,0.481,244,0.373,0.553,13.4,3.3,4.4,0.66,0.14,2.38
Josh Jackson,Det,G-F,24.26,62,25.2,218,0.729,451,0.486,257,0.3,0.515,13.4,4.1,2.3,0.85,0.76,2.29
Marcus Morris Sr.,Lac,F,31.7,57,26.3,89,0.82,288,0.472,296,0.473,0.614,13.4,4.1,1,0.6,0.26,1
Danilo Gallinari,Atl,F,32.77,51,24,174,0.925,221,0.466,254,0.406,0.613,13.3,4.2,1.5,0.59,0.2,0.84
Jarrett Allen,Cle,C,23.07,51,30.3,229,0.69,398,0.623,19,0.316,0.649,13.2,9.9,1.7,0.47,1.41,1.53
Duncan Robinson,Mia,F,27.07,72,31.4,75,0.827,104,0.625,613,0.408,0.628,13.1,3.5,1.8,0.6,0.28,1.13
Marcus Smart,Bos,G,27.2,48,32.9,162,0.79,228,0.482,282,0.33,0.539,13.1,3.5,5.7,1.5,0.5,2
Evan Fournier,Bos,G-F,28.55,16,29.5,14,0.714,77,0.429,95,0.463,0.584,13,3.3,3.1,1.25,0.63,1.19
Tyrese Haliburton,Sac,G,21.21,58,30.1,56,0.857,323,0.529,296,0.409,0.585,13,3,5.3,1.33,0.48,1.59
Shake Milton,Phi,G-F,24.64,63,23.2,176,0.83,464,0.494,203,0.35,0.549,13,2.3,3.1,0.62,0.29,1.63
Cole Anthony,Orl,G,21,47,27.1,131,0.832,380,0.424,172,0.337,0.496,12.9,4.7,4.1,0.64,0.38,2.26
Markelle Fultz,Orl,G,22.97,8,26.9,19,0.895,88,0.42,16,0.25,0.458,12.9,3.1,5.4,1,0.25,2.25
Kyle Kuzma,Lal,F,25.81,68,28.7,97,0.691,377,0.525,380,0.361,0.546,12.9,6.1,1.9,0.5,0.6,1.66
P.J. Washington,Cha,F,22.73,64,30.5,145,0.745,397,0.479,290,0.386,0.549,12.9,6.5,2.5,1.09,1.23,2
LaMarcus Aldridge,Bro,C-F,35.83,5,26,10,1,43,0.488,5,0.8,0.611,12.8,4.8,2.6,0.6,2.2,1.4
Keldon Johnson,San,F-G,21.6,69,28.5,196,0.74,524,0.531,181,0.331,0.557,12.8,6,1.8,0.58,0.35,1.13
Will Barton,Den,G,30.36,56,31,121,0.785,351,0.459,257,0.381,0.538,12.7,4,3.2,0.89,0.41,1.71
Miles Bridges,Cha,F,23.16,66,29.3,113,0.867,332,0.593,290,0.4,0.625,12.7,6,2.2,0.67,0.79,1.61
Alec Burks,Nyk,G,29.83,49,25.6,118,0.856,254,0.425,246,0.415,0.564,12.7,4.6,2.2,0.63,0.29,1
Jalen Brunson,Dal,G,24.71,68,25,151,0.795,427,0.578,200,0.405,0.618,12.6,3.4,3.5,0.51,0.01,1.18
Myles Turner,Ind,C-F,25.15,47,31,142,0.782,226,0.606,206,0.335,0.599,12.6,6.5,1,0.85,3.38,1.43
Seth Curry,Phi,G,30.73,57,28.7,77,0.896,272,0.485,280,0.45,0.607,12.5,2.4,2.7,0.77,0.14,1.14
Kyle Anderson,Mem,F-G,27.66,69,27.4,184,0.783,397,0.539,261,0.36,0.578,12.4,5.7,3.6,1.22,0.83,1.25
Blake Griffin,Det,F,32.17,20,31.3,62,0.71,98,0.429,124,0.315,0.491,12.3,5.2,3.9,0.7,0.1,1.6
Brook Lopez,Mil,C,33.12,70,27.2,142,0.845,359,0.632,281,0.338,0.611,12.3,5,0.7,0.57,1.47,0.91
Saddiq Bey,Det,F,22.1,70,27.3,147,0.844,232,0.448,460,0.38,0.566,12.2,4.6,1.4,0.74,0.2,0.86
Eric Bledsoe,Nor,G,31.44,71,29.7,195,0.687,376,0.495,355,0.341,0.532,12.2,3.4,3.8,0.77,0.34,1.58
Kevin Love,Cle,F-C,32.69,25,24.9,51,0.824,96,0.479,156,0.365,0.556,12.2,7.4,2.5,0.64,0.08,1.52
Joe Ingles,Uta,F-G,33.62,67,27.9,90,0.844,156,0.59,406,0.451,0.672,12.1,3.6,4.7,0.67,0.18,1.75
Josh Richardson,Dal,G,27.67,59,30.3,108,0.917,351,0.501,267,0.33,0.537,12.1,3.3,2.6,1.03,0.41,1.34
Lou Williams,Lac,G,34.55,42,21.9,119,0.866,311,0.437,119,0.378,0.529,12.1,2.1,3.4,0.93,0.1,1.57
Thaddeus Young,Chi,F,32.9,68,24.3,113,0.628,618,0.579,45,0.267,0.577,12.1,6.2,4.3,1.09,0.59,2
Cory Joseph,Det,G,29.74,19,26.4,41,0.878,138,0.543,38,0.368,0.588,12,3.2,5.5,1.21,0.47,1.79
Victor Oladipo,Mia,G,29.03,4,27.8,18,0.667,26,0.462,17,0.235,0.471,12,3.5,3.5,1.75,0.5,3.5
Jordan Poole,Gol,G,21.91,51,19.4,119,0.882,198,0.545,276,0.351,0.581,12,1.8,1.9,0.51,0.18,1
Khem Birch,Tor,C,28.63,19,30.4,44,0.636,140,0.614,31,0.29,0.596,11.9,7.5,1.9,0.89,1.16,1.11
Hamidou Diallo,Okc,G,22.8,32,23.8,132,0.629,256,0.512,41,0.293,0.536,11.9,5.2,2.4,0.97,0.38,1.53
Andre Drummond,Lal,C,27.77,21,24.8,76,0.605,192,0.531,0,0,0.554,11.9,10.2,1.4,1.1,0.95,2.05
Kevin Huerter,Atl,G-F,22.72,69,30.8,64,0.781,345,0.51,386,0.363,0.541,11.9,3.3,3.5,1.19,0.26,1.14
George Hill,Okc,G,35.04,14,26.3,25,0.84,63,0.619,57,0.386,0.63,11.8,2.1,3.1,0.86,0.14,0.86
Wendell Carter Jr.,Orl,C-F,22.09,22,26.5,68,0.721,176,0.534,29,0.241,0.549,11.7,8.8,1.6,0.77,0.82,1.32
Malik Monk,Cha,G,23.28,42,20.9,72,0.819,187,0.471,212,0.401,0.569,11.7,2.4,2.1,0.45,0.1,1.31
Davis Bertans,Was,F,28.51,57,25.7,115,0.87,50,0.48,428,0.395,0.62,11.5,3,0.9,0.58,0.23,0.58
Jusuf Nurkic,Por,C,26.73,37,23.8,113,0.619,303,0.525,30,0.4,0.554,11.5,9,3.4,1.03,1.08,1.97
James Wiseman,Gol,C,20.13,39,21.4,86,0.628,330,0.542,38,0.316,0.552,11.5,5.8,0.7,0.28,0.92,1.54
Rudy Gay,San,F-G,34.75,63,21.5,102,0.804,350,0.451,278,0.381,0.532,11.4,4.8,1.4,0.73,0.63,1.03
Bobby Portis,Mil,F,26.26,66,20.8,73,0.74,442,0.541,157,0.471,0.597,11.4,7.1,1.1,0.79,0.39,0.85
Immanuel Quickley,Nyk,G,21.92,64,19.4,174,0.891,277,0.401,303,0.389,0.557,11.4,2.1,2,0.47,0.19,0.91
Jae'Sean Tate,Hou,F,25.55,70,29.2,147,0.694,431,0.594,195,0.308,0.575,11.3,5.3,2.5,1.21,0.51,1.41
Jarrett Allen,Bro,C,23.07,12,26.6,61,0.754,65,0.677,0,0,0.73,11.2,10.4,1.7,0.58,1.58,1.83
Armoni Brooks,Hou,G,22.95,20,26,12,0.583,35,0.514,157,0.382,0.565,11.2,3.4,1.5,0.6,0.25,1.1
Hamidou Diallo,Det,G,22.8,20,23.3,68,0.662,132,0.492,41,0.39,0.549,11.2,5.4,1.2,0.5,0.6,1.35
R.J. Hampton,Orl,G,20.27,26,25.2,70,0.657,184,0.484,69,0.319,0.511,11.2,5,2.8,0.62,0.35,1.62
Enes Kanter,Por,C,28.99,72,24.4,164,0.774,557,0.607,4,0.25,0.636,11.2,11,1.2,0.46,0.67,1.08
Cam Reddish,Atl,F-G,21.71,26,28.9,82,0.817,137,0.46,126,0.262,0.488,11.2,4,1.3,1.27,0.35,1.31
Naz Reid,Min,C-F,21.72,70,19.2,166,0.693,407,0.597,174,0.351,0.599,11.2,4.6,1,0.49,1.07,0.99
Lonnie Walker IV,San,G-F,22.42,60,25.4,70,0.814,327,0.477,282,0.355,0.523,11.2,2.6,1.7,0.48,0.25,1.08
Ignas Brazdeikis,Orl,F,22.35,8,29.2,12,0.667,52,0.462,27,0.407,0.528,11.1,5.1,2,0.5,0.38,1.38
Terence Davis,Sac,G,24,27,21.5,37,0.784,101,0.535,145,0.372,0.57,11.1,3.3,1.7,1.04,0.26,1.26
Serge Ibaka,Lac,F,31.66,41,23.3,53,0.811,250,0.588,115,0.339,0.585,11.1,6.7,1.8,0.22,1.15,1.07
Nickeil Alexander-Walker,Nor,G,22.7,46,21.9,66,0.727,239,0.485,219,0.347,0.522,11,3.1,2.2,1.02,0.48,1.5
Jeff Green,Bro,F,34.72,68,27,161,0.776,280,0.564,250,0.412,0.624,11,3.9,1.6,0.53,0.4,0.79
Moritz Wagner,Orl,F-C,24.06,11,26,33,0.879,50,0.44,43,0.372,0.563,11,4.9,1.1,0.36,0.82,1.18
Dwayne Bacon,Orl,G-F,25.71,72,25.7,176,0.824,519,0.449,207,0.285,0.49,10.9,3.1,1.3,0.61,0.07,0.63
Oshae Brissett,Ind,F-G,22.91,21,24.7,65,0.769,73,0.548,78,0.423,0.638,10.9,5.5,0.9,0.9,0.95,0.48
Reggie Bullock,Nyk,G-F,30.17,65,30,55,0.909,163,0.521,398,0.41,0.606,10.9,3.4,1.5,0.8,0.17,0.69
Wendell Carter Jr.,Chi,C-F,22.09,32,24.7,111,0.739,230,0.526,22,0.364,0.578,10.9,7.8,2.2,0.56,0.75,1.53
Patty Mills,San,G,32.76,68,24.8,78,0.91,182,0.5,430,0.374,0.569,10.8,1.7,2.4,0.6,0.04,0.96
Cameron Oliver,Hou,F,20,4,21.9,4,0.25,20,0.75,13,0.308,0.619,10.8,5.3,1.3,0.5,1,0.75
Reggie Jackson,Lac,G,31.09,67,23,82,0.817,303,0.465,282,0.433,0.576,10.7,2.9,3.1,0.63,0.1,1.1
Ty Jerome,Okc,G-F,23.86,33,23.9,34,0.765,119,0.479,168,0.423,0.585,10.7,2.8,3.6,0.61,0.18,1.42
Grayson Allen,Mem,G,25.61,50,25.2,91,0.868,140,0.471,274,0.391,0.586,10.6,3.2,2.2,0.92,0.16,0.96
D.J. Augustin,Hou,G,33.52,20,20.8,54,0.907,63,0.476,88,0.386,0.604,10.6,2.2,3.9,0.4,0,1.55
Justin Holiday,Ind,F-G,32.12,72,30.3,85,0.788,172,0.494,453,0.382,0.571,10.5,3.6,1.7,1.03,0.57,0.75
Donte DiVincenzo,Mil,G,24.29,66,27.5,71,0.718,257,0.475,346,0.379,0.542,10.4,5.8,3.1,1.09,0.23,1.39
Cedi Osman,Cle,F,26.11,59,25.6,95,0.8,262,0.458,324,0.306,0.488,10.4,3.4,2.9,0.9,0.15,1.36
Mason Plumlee,Det,F-C,31.2,56,26.8,169,0.669,373,0.627,7,0,0.639,10.4,9.3,3.6,0.77,0.89,1.88
Delon Wright,Det,G,29.06,36,29.2,90,0.789,204,0.515,89,0.348,0.562,10.4,4.6,5,1.58,0.53,1.33
Brandon Clarke,Mem,F-G,24.66,59,24,113,0.69,418,0.565,77,0.26,0.56,10.3,5.6,1.6,1.03,0.86,0.56
Svi Mykhailiuk,Okc,G-F,23.93,30,23,20,0.7,140,0.543,143,0.336,0.531,10.3,3,1.8,0.8,0.2,1.63
Aaron Gordon,Den,F,25.67,25,25.9,44,0.705,142,0.606,64,0.266,0.564,10.2,4.7,2.2,0.68,0.56,1.16
Gary Harris,Orl,G,26.67,20,24.9,48,0.875,123,0.366,66,0.364,0.485,10.2,1.6,2.3,0.55,0.3,1.15
Monte Morris,Den,G,25.89,47,25.5,73,0.795,253,0.534,134,0.381,0.574,10.2,2,3.2,0.72,0.28,0.72
Jae Crowder,Pho,F,30.86,60,27.5,75,0.76,112,0.455,380,0.389,0.574,10.1,4.7,2.1,0.82,0.43,0.92
Daniel Gafford,Was,F-C,22.63,23,17.8,67,0.672,138,0.681,0,0,0.696,10.1,5.6,0.5,0.65,1.78,0.83
Jeremy Lamb,Ind,G-F,28.96,36,21.3,75,0.947,148,0.459,128,0.406,0.587,10.1,3.6,1.5,0.94,0.64,0.61
Theo Maledon,Okc,G,19.93,65,27.3,135,0.748,301,0.402,313,0.335,0.489,10.1,3.2,3.5,0.85,0.17,2.17
Elfrid Payton,Nyk,G,27.23,63,23.6,107,0.682,524,0.46,98,0.286,0.478,10.1,3.4,3.2,0.75,0.14,1.63
Taurean Prince,Cle,G,27.15,29,23.7,49,0.837,135,0.385,118,0.415,0.532,10.1,3.7,2.4,0.69,0.52,1.24
Bryn Forbes,Mil,G,27.82,70,19.3,61,0.77,188,0.511,341,0.452,0.631,10,1.6,0.6,0.33,0.01,0.63
Blake Griffin,Bro,F,32.17,26,21.5,55,0.782,108,0.574,81,0.383,0.61,10,4.7,2.4,0.69,0.5,1.15
Kelly Olynyk,Mia,F-C,30.08,43,26.9,40,0.775,134,0.634,242,0.318,0.549,10,6.1,2.1,0.93,0.6,1.28
Daniel Theis,Chi,F,29.12,23,24.9,43,0.651,121,0.636,57,0.281,0.584,10,5.9,1.8,0.7,0.61,1.09
Lou Williams,Atl,G,34.55,24,21.1,54,0.87,163,0.368,54,0.444,0.496,10,2.1,3.4,0.33,0.08,1.71
Delon Wright,Sac,G,29.06,27,25.8,36,0.833,142,0.5,83,0.398,0.563,10,3.9,3.6,1.56,0.37,1.3
Otto Porter Jr.,Chi,F,27.95,25,21.6,37,0.838,107,0.477,95,0.4,0.566,9.9,5.5,2,0.48,0.16,1
Dorian Finney-Smith,Dal,F,28.04,60,32,41,0.756,164,0.616,302,0.394,0.609,9.8,5.4,1.7,0.87,0.4,0.8
Frank Jackson,Det,G,23.04,40,18.5,75,0.813,143,0.51,150,0.407,0.598,9.8,2.2,0.9,0.38,0.03,0.88
Kentavious Caldwell-Pope,Lal,G,28.24,67,28.4,112,0.866,211,0.464,293,0.41,0.59,9.7,2.7,1.9,0.93,0.39,1.01
Gary Harris,Den,G,26.67,19,30.6,30,0.733,81,0.556,75,0.32,0.544,9.7,2.5,1.7,0.89,0.21,0.74
Mike Muscala,Okc,F-C,29.88,35,18.4,36,0.917,83,0.614,184,0.37,0.599,9.7,3.8,0.8,0.23,0.31,0.6
DeMarcus Cousins,Hou,C,30.76,25,20.2,59,0.746,94,0.426,116,0.336,0.511,9.6,7.6,2.4,0.84,0.72,1.56
Wayne Ellington,Det,G,33.46,46,22,35,0.8,63,0.524,275,0.422,0.625,9.6,1.8,1.5,0.39,0.2,0.72
Cameron Johnson,Pho,F,25.2,60,24,59,0.847,148,0.581,335,0.349,0.563,9.6,3.3,1.4,0.62,0.27,0.67
Isaac Okoro,Cle,F-G,20.3,67,32.4,157,0.726,345,0.501,214,0.29,0.514,9.6,3.1,1.9,0.93,0.36,1.28
Yogi Ferrell,Cle,G,28.02,2,20.3,2,0,12,0.417,9,0.333,0.434,9.5,3.5,2.5,1.5,0.5,1.5
Danny Green,Phi,G,33.9,69,28,40,0.775,113,0.434,432,0.405,0.581,9.5,3.8,1.7,1.33,0.81,0.96
Eric Paschall,Gol,F,24.53,40,17.4,94,0.713,244,0.533,54,0.333,0.561,9.5,3.2,1.3,0.3,0.18,1.08
Daniel Theis,Bos,F-C,29.12,42,24.5,67,0.687,193,0.653,95,0.347,0.625,9.5,5.2,1.6,0.6,1.02,0.98
Trevor Ariza,Mia,F,35.88,30,28,44,0.773,98,0.5,143,0.35,0.542,9.4,4.8,1.8,1,0.6,0.7
Cody Zeller,Cha,F-C,28.61,48,20.9,119,0.714,296,0.598,28,0.143,0.599,9.4,6.8,1.8,0.56,0.35,1.06
Kenyon Martin Jr.,Hou,F,20.36,45,23.7,84,0.714,222,0.572,96,0.365,0.59,9.3,5.4,1.1,0.67,0.91,0.84
Larry Nance Jr.,Cle,F-C,28.37,35,31.2,49,0.612,158,0.551,114,0.36,0.557,9.3,6.7,3.1,1.74,0.49,1.57
Landry Shamet,Bro,G,24.18,61,23,78,0.846,123,0.463,333,0.387,0.578,9.3,1.8,1.6,0.52,0.16,0.79
Desmond Bane,Mem,G,22.89,68,22.3,49,0.816,228,0.513,271,0.432,0.6,9.2,3.1,1.7,0.62,0.24,0.87
Josh Hart,Nor,G,26.2,47,28.7,89,0.775,150,0.587,193,0.326,0.568,9.2,8,2.3,0.81,0.26,1.09
James Johnson,Nor,F,34.24,22,24.5,47,0.596,122,0.516,60,0.267,0.498,9.2,4.1,2.2,0.82,0.86,1.27
David Nwaba,Hou,G-F,28.34,30,22.6,68,0.691,154,0.578,63,0.27,0.559,9.2,3.9,1,1,0.7,0.57
Patrick Williams,Chi,F,19.72,71,27.9,125,0.728,390,0.515,138,0.391,0.562,9.2,4.6,1.4,0.9,0.65,1.38
Furkan Korkmaz,Phi,G-F,23.81,55,19.3,82,0.732,155,0.445,269,0.375,0.544,9.1,2.1,1.5,0.89,0.16,0.84
De'Anthony Melton,Mem,G,22.97,52,20.1,51,0.804,182,0.467,211,0.412,0.568,9.1,3.1,2.5,1.13,0.6,1.27
Talen Horton-Tucker,Lal,G,20.47,65,20.1,129,0.775,357,0.524,131,0.282,0.537,9,2.6,2.8,0.97,0.32,1.63
Justin Jackson,Mil,F,26.14,1,32.6,2,0.5,3,0.333,6,0.333,0.455,9,6,1,0,0,1
Robin Lopez,Was,C,33.12,71,19.1,137,0.723,406,0.65,18,0.278,0.663,9,3.8,0.8,0.21,0.62,1.06
Paul Millsap,Den,F,36.26,56,20.8,98,0.724,258,0.55,143,0.343,0.565,9,4.7,1.8,0.91,0.64,0.91
Jaylen Nowell,Min,G,21.86,42,18.1,55,0.818,185,0.497,150,0.333,0.528,9,2.3,1.5,0.52,0.29,0.67
Ivica Zubac,Lac,C,24.16,72,22.3,171,0.789,390,0.656,4,0.25,0.693,9,7.2,1.3,0.33,0.86,1.13
Bruce Brown,Bro,G-F,24.75,65,22.3,117,0.735,364,0.599,59,0.288,0.604,8.8,5.4,1.6,0.86,0.43,0.83
Michael Carter-Williams,Orl,G,29.6,31,25.8,80,0.613,209,0.431,61,0.246,0.449,8.8,4.5,4.1,0.81,0.55,2.23
Danuel House Jr.,Hou,F-G,27.94,36,25.9,63,0.651,116,0.483,156,0.346,0.525,8.8,3.7,1.9,0.58,0.44,1
Jay Scrubb,Lac,G,20.71,4,21.1,5,1,27,0.444,9,0.222,0.458,8.8,3.5,0.3,1,0,1.75
Tony Bradley,Okc,C-F,23.35,22,18,44,0.705,120,0.667,2,0,0.676,8.7,6.1,0.9,0.41,0.77,1.23
Raul Neto,Was,G,28.99,64,21.9,85,0.882,283,0.512,164,0.39,0.575,8.7,2.4,2.3,1.14,0.09,0.83
JJ Redick,Nor,G,36.89,31,18.6,47,0.957,74,0.486,140,0.364,0.575,8.7,1.7,1.3,0.29,0.06,0.81
Austin Rivers,Den,G,28.79,15,26.9,17,0.706,38,0.5,72,0.375,0.558,8.7,2.3,2.6,1.2,0.13,0.93
Isaiah Roby,Okc,F,23.28,61,23.4,117,0.744,320,0.547,109,0.294,0.555,8.7,5.6,1.8,0.85,0.61,1.85
Dario Saric,Pho,F-C,27.11,50,17.4,99,0.848,207,0.512,135,0.348,0.567,8.7,3.8,1.3,0.6,0.08,1.14
Moses Brown,Okc,C,21.59,43,21.4,126,0.619,269,0.543,0,0,0.57,8.6,8.9,0.2,0.72,1.12,1
T.J. McConnell,Ind,G,29.14,69,26,48,0.688,442,0.586,48,0.313,0.583,8.6,3.7,6.6,1.86,0.33,1.96
Jakob Poeltl,San,C,25.59,69,26.7,124,0.508,430,0.616,0,0,0.612,8.6,7.9,1.9,0.68,1.78,1.22
Ricky Rubio,Min,G,30.57,68,26.1,150,0.867,284,0.447,214,0.308,0.516,8.6,3.3,6.4,1.46,0.06,1.63
Avery Bradley,Mia,G,30.47,10,21.1,9,0.778,28,0.536,38,0.421,0.607,8.5,1.8,1.4,0.7,0.1,0.9
Robert Covington,Por,F,30.42,70,32,62,0.806,153,0.451,356,0.379,0.553,8.5,6.7,1.7,1.44,1.2,0.91
Gabriel Deck,Okc,F,26.27,10,21.2,22,0.818,52,0.577,15,0.133,0.548,8.4,4,2.4,0.8,0,0.6
James Ennis III,Orl,F,30.88,41,24.1,87,0.805,139,0.504,104,0.433,0.613,8.4,4,1.5,0.78,0.17,0.9
Cameron Payne,Pho,G,26.77,60,18,56,0.893,229,0.515,166,0.44,0.602,8.4,2.4,3.6,0.6,0.27,1
Isaiah Hartenstein,Cle,C-F,23.03,16,17.9,35,0.686,85,0.6,6,0.333,0.62,8.3,6,2.5,0.5,1.19,1.44
Luke Kennard,Lac,G,24.89,63,19.6,31,0.839,190,0.511,224,0.446,0.608,8.3,2.6,1.7,0.35,0.14,0.76
Mitchell Robinson,Nyk,C-F,23.13,31,27.5,53,0.491,176,0.653,0,0,0.642,8.3,8.1,0.5,1.13,1.45,0.84
Sterling Brown,Hou,G-F,26.26,51,24.1,31,0.806,119,0.496,215,0.423,0.598,8.2,4.4,1.4,0.75,0.24,0.8
Aleksej Pokusevski,Okc,C,19.39,45,24.2,42,0.738,201,0.403,207,0.28,0.43,8.2,4.7,2.2,0.44,0.93,2.2
Nicolas Batum,Lac,G-F,32.42,67,27.4,58,0.828,141,0.574,271,0.406,0.617,8.1,4.7,2.2,1.03,0.55,0.79
JaMychal Green,Den,F-C,30.9,58,19.3,57,0.807,176,0.534,198,0.399,0.59,8.1,4.8,0.9,0.45,0.38,0.91
Taurean Prince,Bro,F,27.15,12,18.2,27,0.889,37,0.459,37,0.351,0.565,8.1,2.8,0.6,0.67,0.67,0.92
Hassan Whiteside,Sac,C,31.93,36,15.2,79,0.519,223,0.565,1,0,0.566,8.1,6,0.6,0.25,1.28,1.11
Mo Bamba,Orl,C,23.01,46,15.8,66,0.682,183,0.568,118,0.322,0.556,8,5.8,0.8,0.3,1.26,0.8
Tyrese Maxey,Phi,G,20.53,61,15.3,70,0.871,326,0.512,103,0.301,0.531,8,1.7,2,0.43,0.21,0.67
JaVale McGee,Cle,C-F,33.32,33,15.2,55,0.655,195,0.549,20,0.25,0.554,8,5.2,1,0.48,1.21,1.36
Ben McLemore,Lal,G,28.26,21,17.5,21,0.762,27,0.481,114,0.368,0.559,8,1.6,0.5,0.14,0.29,0.71
Otto Porter Jr.,Orl,F,27.95,3,22.2,5,1,16,0.5,9,0.111,0.441,8,4.7,1.7,1.33,0,0
Robert Williams III,Bos,C-F,23.58,52,18.9,73,0.616,256,0.727,2,0,0.719,8,6.9,1.8,0.83,1.77,1
Kenrich Williams,Okc,G-F,26.46,66,21.6,63,0.571,294,0.568,117,0.444,0.599,8,4.1,2.3,0.86,0.26,1.15
Gorgui Dieng,Mem,C,31.33,22,16.9,43,0.884,60,0.55,48,0.479,0.682,7.9,4.5,1.3,0.77,0.64,1
Isaiah Stewart,Det,F-C,19.99,68,21.4,92,0.696,346,0.592,63,0.333,0.597,7.9,6.7,0.9,0.56,1.26,0.99
DeMarcus Cousins,Lac,C,30.76,16,12.9,22,0.682,76,0.566,19,0.421,0.597,7.8,4.5,1,0.81,0.38,1.56
Willy Hernangomez,Nor,C-F,26.97,47,18,93,0.667,258,0.581,10,0.1,0.591,7.8,7.1,1.1,0.47,0.49,0.72
Chuma Okeke,Orl,F,22.75,45,25.2,40,0.75,183,0.47,141,0.348,0.511,7.8,4,2.2,1.07,0.51,0.84
Anfernee Simons,Por,G,21.94,64,17.3,57,0.807,120,0.4,281,0.427,0.589,7.8,2.2,1.4,0.28,0.13,0.67
PJ Dozier,Den,G-F,24.56,50,21.8,66,0.636,205,0.493,149,0.315,0.503,7.7,3.6,1.8,0.62,0.44,0.94
Mike James,Bro,G,30.75,13,18.2,27,0.778,61,0.377,31,0.355,0.481,7.7,2.5,4.2,0.46,0.08,1.54
Naji Marshall,Nor,F,23.31,32,21.9,75,0.707,126,0.421,83,0.349,0.508,7.7,4.6,2.8,0.81,0.31,1.19
Payton Pritchard,Bos,G,23.3,66,19.2,45,0.889,170,0.482,248,0.411,0.582,7.7,2.4,1.8,0.56,0.14,0.8
Tomas Satoransky,Chi,G,29.55,58,22.5,79,0.848,210,0.605,118,0.356,0.616,7.7,2.4,4.7,0.69,0.24,1.66
Isaiah Thomas,Nor,G,32.27,3,16.1,2,1,15,0.4,12,0.25,0.412,7.7,1.3,1.7,0.33,0,2
Steven Adams,Nor,C,27.83,58,27.7,135,0.444,305,0.62,3,0,0.596,7.6,8.9,1.9,0.93,0.66,1.36
Rajon Rondo,Lac,G,35.23,18,20.4,15,1,61,0.525,44,0.432,0.609,7.6,3.1,5.8,0.94,0.11,2.22
Garrett Temple,Chi,G-F,35.03,56,27.3,50,0.8,181,0.503,200,0.335,0.525,7.6,2.8,2.2,0.77,0.52,1.02
Tristan Thompson,Bos,C-F,30.18,54,23.8,120,0.592,323,0.523,3,0,0.54,7.6,8.1,1.2,0.44,0.61,1.15
Patrick Beverley,Lac,G,32.84,37,22.5,45,0.8,79,0.468,141,0.397,0.58,7.5,3.2,2.1,0.76,0.76,0.92
Henry Ellenson,Tor,F-C,24.34,2,19.2,4,0.75,5,0.6,9,0.222,0.476,7.5,6,2.5,0,0.5,0
Malachi Flynn,Tor,G,23.02,47,19.7,56,0.804,173,0.422,168,0.321,0.483,7.5,2.5,2.9,0.83,0.15,0.91
Jaxson Hayes,Nor,C-F,20.98,60,16.1,120,0.775,266,0.635,14,0.429,0.675,7.5,4.3,0.6,0.42,0.63,0.65
DeAndre Jordan,Bro,C,32.82,57,21.9,92,0.5,249,0.763,1,0,0.733,7.5,7.5,1.6,0.3,1.14,1.49
Edmond Sumner,Ind,G,25.38,53,16.2,83,0.819,194,0.582,88,0.398,0.626,7.5,1.8,0.9,0.62,0.19,0.96
Jalen Harris,Tor,G,22.76,13,13.2,9,0.778,36,0.528,36,0.472,0.632,7.4,1.4,1.3,0.62,0,1.08
Jalen McDaniels,Cha,F-C,23.29,47,19.2,64,0.703,179,0.547,105,0.333,0.554,7.4,3.6,1.1,0.6,0.4,0.96
Ben McLemore,Hou,G,28.26,32,16.8,32,0.719,58,0.431,166,0.331,0.5,7.4,2.1,0.9,0.63,0.09,0.88
Louis King,Sac,F,22.11,6,14.2,6,1,23,0.565,11,0.364,0.6,7.3,3,1.5,1.17,0.5,0.67
Austin Rivers,Nyk,G,28.79,21,21.1,14,0.714,58,0.517,77,0.364,0.545,7.3,2.2,2,0.57,0,1.05
Dennis Smith Jr.,Det,G,23.47,20,19.6,20,0.7,80,0.463,55,0.345,0.504,7.3,2.7,3.7,1,0.7,1.25
Kent Bazemore,Gol,G-F,31.88,67,19.9,78,0.692,208,0.486,184,0.408,0.564,7.2,3.4,1.6,1.03,0.49,1.22
Nemanja Bjelica,Sac,F,33.02,26,16.9,42,0.762,92,0.565,58,0.293,0.555,7.2,3.8,1.9,0.31,0.08,1.08
Torrey Craig,Pho,F,30.41,32,18.8,20,0.8,97,0.619,84,0.369,0.603,7.2,4.8,1,0.59,0.59,0.63
Juancho Hernangomez,Min,F,25.63,52,17.3,97,0.619,131,0.573,168,0.327,0.549,7.2,3.9,0.7,0.37,0.13,0.52
Aaron Holiday,Ind,G,24.63,66,17.8,83,0.819,254,0.406,182,0.368,0.503,7.2,1.3,1.9,0.7,0.2,1
Justin Jackson,Okc,F,26.14,33,16.5,35,0.857,101,0.515,111,0.306,0.519,7.2,2.2,1.5,0.45,0.06,0.94
Dewayne Dedmon,Mia,C,31.76,16,13.2,27,0.741,60,0.75,5,0.2,0.735,7.1,5.4,0.8,0.56,0.38,0.81
Maxi Kleber,Dal,F,29.3,50,26.8,37,0.919,63,0.46,212,0.41,0.606,7.1,5.2,1.4,0.48,0.7,0.6
Alex Len,Was,C,27.92,57,15.8,110,0.636,249,0.647,19,0.263,0.643,7.1,4.4,0.8,0.33,1.02,0.82
Moritz Wagner,Was,F-C,24.06,25,15,52,0.788,80,0.613,42,0.31,0.614,7.1,2.9,1.3,0.88,0.32,0.84
Draymond Green,Gol,F,31.2,63,31.5,88,0.795,254,0.535,126,0.27,0.53,7,7.1,8.9,1.7,0.83,2.98
Dwight Howard,Phi,C-F,35.44,69,17.3,210,0.576,283,0.611,20,0.25,0.61,7,8.4,0.9,0.43,0.9,1.62
Terance Mann,Lac,G-F,24.58,67,18.9,94,0.83,259,0.541,91,0.418,0.603,7,3.6,1.6,0.45,0.19,0.6
Royce O'Neale,Uta,F,27.95,71,31.6,46,0.848,116,0.586,278,0.385,0.599,7,6.8,2.5,0.8,0.45,1.17
Terence Davis,Tor,G,24,34,14.5,18,0.889,88,0.489,122,0.361,0.537,6.9,1.9,1.1,0.5,0.21,0.85
Maurice Harkless,Sac,F-G,28.02,26,24.9,41,0.805,79,0.582,73,0.247,0.526,6.9,3,1.4,1.08,0.65,0.77
Damian Jones,Sac,C,25.88,17,20,35,0.714,66,0.682,4,0.25,0.691,6.9,4.5,1.4,0.53,1,0.88
Svi Mykhailiuk,Det,G-F,23.93,36,17.6,30,0.8,52,0.519,171,0.333,0.527,6.9,2.1,1.6,0.75,0.17,1.08
Georges Niang,Uta,F,27.92,72,16,23,0.957,113,0.469,292,0.425,0.602,6.9,2.4,0.8,0.36,0.1,0.71
Jeff Teague,Bos,G,32.93,34,18.1,61,0.836,132,0.394,56,0.464,0.542,6.9,1.7,2.1,0.76,0.21,1.15
Brad Wanamaker,Cha,G,31.81,22,19.5,45,0.889,102,0.5,24,0.125,0.518,6.9,1.8,3.4,0.73,0.23,1.55
Pat Connaughton,Mil,G,28.36,69,22.8,40,0.775,115,0.583,272,0.371,0.578,6.8,4.8,1.2,0.68,0.33,0.48
Killian Hayes,Det,G,19.81,26,25.8,17,0.824,129,0.395,72,0.278,0.422,6.8,2.7,5.3,1.04,0.38,3.19
Derrick Jones Jr.,Por,F,24.25,58,22.7,91,0.648,168,0.619,136,0.316,0.576,6.8,3.5,0.8,0.64,0.93,0.55
Jaden McDaniels,Min,F,20.63,63,24,45,0.6,169,0.544,198,0.364,0.552,6.8,3.7,1.1,0.56,0.95,0.75
Justise Winslow,Mem,F-G,25.14,26,19.5,35,0.571,156,0.41,54,0.185,0.395,6.8,4.5,1.9,0.58,0.46,1.42
Spencer Dinwiddie,Bro,G,28.11,3,21.4,6,1,9,0.444,7,0.286,0.536,6.7,4.3,3,0.67,0.33,1.67
Damyean Dotson,Cle,G,27.03,46,19.7,36,0.667,134,0.545,159,0.289,0.499,6.7,2,2,0.35,0.09,0.91
Markieff Morris,Lal,F,31.7,61,19.7,50,0.72,169,0.521,209,0.311,0.509,6.7,4.4,1.2,0.36,0.31,0.89
Abdel Nader,Pho,F,27.64,24,14.8,37,0.757,73,0.534,43,0.419,0.605,6.7,2.6,0.8,0.42,0.38,0.79
Ish Smith,Was,G,32.86,44,21,33,0.576,248,0.448,49,0.367,0.473,6.7,3.4,3.9,0.73,0.3,0.93
Trey Burke,Dal,G,28.51,62,14.7,57,0.895,189,0.492,164,0.354,0.544,6.6,0.9,1.3,0.6,0.1,0.53
Nicolas Claxton,Bro,F-C,22.08,32,18.6,64,0.484,140,0.636,5,0.2,0.612,6.6,5.2,0.9,0.72,1.25,0.56
Cory Joseph,Sac,G,29.74,44,21.5,47,0.766,156,0.513,94,0.33,0.534,6.6,2.3,2.5,0.86,0.2,1
Frank Kaminsky,Pho,F-C,28.12,47,15.2,60,0.617,172,0.523,85,0.365,0.547,6.6,4,1.7,0.3,0.36,0.47
Jeff Teague,Mil,G,32.93,21,15.9,44,0.864,69,0.507,26,0.385,0.603,6.6,1.5,2.8,0.38,0.24,1.19
Xavier Tillman,Mem,F,22.34,59,18.4,53,0.642,234,0.62,65,0.338,0.605,6.6,4.3,1.3,0.75,0.56,0.76
Marquese Chriss,Gol,F,23.87,2,13.4,4,0.5,9,0.444,5,0.2,0.412,6.5,6.5,1,0,1,1
Damion Lee,Gol,G-F,28.57,57,18.9,44,0.909,80,0.638,194,0.397,0.636,6.5,3.2,1.3,0.67,0.14,0.53
Chasson Randle,Orl,G,28.28,41,20.4,48,0.792,107,0.449,130,0.338,0.515,6.5,2,1.8,0.56,0.12,1.12
Cameron Reynolds,Hou,F,26.27,2,17.2,0,0,4,0.5,12,0.25,0.406,6.5,2.5,1,0,0,0
Denzel Valentine,Chi,G,27.5,62,16.7,17,0.941,174,0.431,242,0.331,0.479,6.5,3.2,1.7,0.48,0.11,0.68
Alex Caruso,Lal,G,27.21,58,21,76,0.645,168,0.464,137,0.401,0.547,6.4,2.9,2.8,1.1,0.26,1.31
Kira Lewis Jr.,Nor,G,20.11,54,16.7,51,0.843,217,0.415,120,0.333,0.477,6.4,1.3,2.3,0.7,0.19,0.63
Timothe Luwawu-Cabarrot,Bro,G-F,26.02,58,18.1,43,0.814,117,0.47,239,0.314,0.493,6.4,2.2,1.2,0.57,0.1,0.74
Jabari Parker,Bos,F,26.17,10,13.8,13,0.769,38,0.632,10,0.2,0.596,6.4,3.6,1,0.1,0.4,0.7
Deni Avdija,Was,F,20.37,54,23.3,45,0.644,144,0.535,168,0.315,0.515,6.3,4.8,1.2,0.59,0.28,0.61
Tyus Jones,Mem,G,25.02,70,17.5,45,0.911,273,0.487,140,0.321,0.511,6.3,2,3.7,0.9,0.09,0.69
Frank Mason,Orl,G,27.12,4,19.8,7,0.714,19,0.368,5,0.4,0.462,6.3,3,3,0,0,1.25
Chimezie Metu,Sac,F-C,24.15,36,13.6,43,0.721,142,0.549,37,0.351,0.571,6.3,3.1,0.8,0.39,0.53,0.81
D.J. Augustin,Mil,G,33.52,37,19.3,40,0.9,63,0.349,129,0.38,0.542,6.1,1.4,3,0.54,0.03,0.92
Aron Baynes,Tor,C-F,34.44,53,18.5,41,0.707,200,0.535,103,0.262,0.505,6.1,5.2,0.9,0.3,0.43,0.87
Facundo Campazzo,Den,G,30.15,65,21.9,91,0.879,99,0.444,216,0.352,0.558,6.1,2.1,3.6,1.22,0.22,1.12
Quinn Cook,Cle,G,28.15,7,13.6,3,1,29,0.379,13,0.462,0.496,6.1,1.7,1.9,0.43,0,0.57
Robert Franks,Orl,F,20,7,14.4,13,0.923,13,0.615,15,0.333,0.638,6.1,2,0.7,0.43,0.43,0.29
Jaylen Hoard,Okc,F,22.13,19,16.8,41,0.683,77,0.571,11,0,0.547,6.1,3.4,1.3,0.68,0.26,0.89
Max Strus,Mia,G-F,25.13,39,13,24,0.667,39,0.897,148,0.338,0.597,6.1,1.1,0.6,0.28,0.05,0.21
D.J. Wilson,Hou,F-C,25.24,23,14.3,23,0.696,66,0.485,59,0.339,0.518,6.1,3.8,0.9,0.43,0.52,0.78
George Hill,Phi,G,35.04,16,18.9,25,0.76,54,0.463,23,0.391,0.545,6,2,1.9,0.69,0.19,1.19
Dakota Mathias,Phi,G,25.85,8,15.4,6,0.333,22,0.5,26,0.308,0.474,6,0.9,1.6,0.13,0.38,0.13
Dean Wade,Cle,F-C,24.49,63,19.2,39,0.769,98,0.571,213,0.366,0.573,6,3.4,1.2,0.54,0.33,0.48
Dwight Powell,Dal,F-C,29.83,58,16.6,124,0.782,173,0.665,21,0.238,0.688,5.9,4.1,1.1,0.6,0.52,0.69
Drew Eubanks,San,F-C,24.29,54,14,106,0.726,203,0.562,2,1,0.618,5.8,4.5,0.8,0.33,0.91,0.83
Mason Jones,Hou,G,22.82,26,11.8,57,0.614,50,0.48,64,0.359,0.546,5.8,2,1.5,0.23,0.04,1.08
DeAndre' Bembry,Tor,G-F,26.87,51,19.1,66,0.682,175,0.589,53,0.264,0.57,5.7,2.9,2.1,1.04,0.35,1.39
James Johnson,Dal,F,34.24,29,17.4,29,0.586,85,0.612,60,0.25,0.526,5.7,3,1.7,0.83,0.79,0.93
Rodney McGruder,Det,G,29.8,16,12.1,8,0.75,46,0.565,24,0.458,0.619,5.7,1.4,1,0.5,0.06,0.44
Jordan Nwora,Mil,F,22.69,30,9.1,25,0.76,73,0.466,62,0.452,0.586,5.7,2,0.2,0.53,0.23,0.8
Juan Toscano-Anderson,Gol,F,28.1,53,20.9,31,0.71,117,0.718,92,0.402,0.676,5.7,4.4,2.8,0.77,0.49,1.17
Freddie Gillespie,Tor,F,20,20,19.6,33,0.697,84,0.524,0,0,0.563,5.6,4.9,0.5,0.65,1.05,0.6
Donta Hall,Orl,C,23.78,13,13.8,34,0.676,35,0.714,0,0,0.731,5.6,4.8,0.8,0.38,0.77,0.62
Saben Lee,Det,G,21.9,48,16.3,89,0.685,187,0.487,23,0.348,0.536,5.6,2,3.6,0.67,0.27,1.15
Mychal Mulder,Gol,G,26.93,60,12.8,22,0.636,51,0.667,214,0.397,0.613,5.6,1,0.4,0.2,0.2,0.27
Al-Farouq Aminu,Orl,F,30.65,17,21.6,17,0.824,58,0.5,31,0.226,0.482,5.5,5.4,1.7,1,0.53,1.47
Tony Bradley,Phi,C-F,23.35,20,14.4,11,0.636,74,0.689,1,0,0.683,5.5,5.2,0.9,0.3,0.65,0.3
Troy Brown Jr.,Chi,G-F,21.8,13,18.2,6,0.833,31,0.677,24,0.333,0.616,5.5,3.4,0.8,0.54,0.15,0.38
Tyler Cook,Det,F,23.65,28,15,35,0.486,98,0.684,2,0.5,0.667,5.5,3.4,0.5,0.29,0.07,0.75
Anthony Lamb,Hou,F,23.32,24,17.3,21,0.857,47,0.489,71,0.324,0.523,5.5,2.9,1,0.25,0.21,0.79
Garrison Mathews,Was,G,24.56,64,16.2,95,0.884,39,0.538,198,0.384,0.635,5.5,1.4,0.4,0.45,0.11,0.16
JaVale McGee,Den,C-F,33.32,13,13.5,12,0.667,63,0.508,4,0,0.498,5.5,5.3,0.5,0.23,1.08,1.15
Devin Vassell,San,G-F,20.73,62,17,51,0.843,153,0.464,150,0.347,0.524,5.5,2.8,0.9,0.69,0.29,0.35
Derrick Favors,Uta,F,29.84,68,15.3,80,0.738,241,0.643,2,0,0.663,5.4,5.5,0.6,0.47,1,0.53
Taj Gibson,Nyk,F,35.9,45,20.8,55,0.727,143,0.671,15,0.2,0.661,5.4,5.6,0.8,0.69,1.09,0.49
Tyler Johnson,Bro,G,29.03,39,17.5,21,0.857,51,0.471,132,0.364,0.546,5.4,2,1.2,0.36,0,0.44
Damian Jones,Lal,C,25.88,8,14,12,0.917,17,0.941,0,0,0.965,5.4,3.3,0.1,0.13,0.88,0.63
Jahlil Okafor,Det,C-F,25.42,27,12.9,24,0.708,92,0.663,9,0.222,0.65,5.4,2.4,0.5,0.22,0.19,0.78
Josh Okogie,Min,G,22.71,59,20.3,108,0.769,146,0.5,108,0.269,0.524,5.4,2.6,1.1,0.92,0.47,0.73
Justin Patton,Hou,C,23.92,13,19,4,0.75,36,0.556,34,0.265,0.488,5.4,3.8,1.1,0.92,1.08,0.31
Jarred Vanderbilt,Min,F,22.12,64,17.8,102,0.559,231,0.615,5,0.2,0.612,5.4,5.8,1.2,1,0.73,0.83
Khem Birch,Orl,C,28.63,48,19.8,85,0.741,188,0.479,21,0.19,0.517,5.3,5.1,1.1,0.67,0.58,0.48
Willie Cauley-Stein,Dal,C,27.75,53,17.1,78,0.628,171,0.667,11,0.091,0.647,5.3,4.5,0.7,0.4,0.81,0.55
Jarrett Culver,Min,G-F,22.24,34,14.7,48,0.604,115,0.487,53,0.245,0.476,5.3,3.1,0.7,0.5,0.26,0.82
Gorgui Dieng,San,C,31.33,16,11.3,24,0.833,33,0.667,22,0.318,0.648,5.3,2.6,1.2,0.56,0.13,0.63
Glenn Robinson III,Sac,F,27.35,23,16.1,23,0.913,55,0.473,44,0.364,0.554,5.3,2,0.9,0.17,0.13,0.48
Tony Snell,Atl,G,29.52,47,21.1,11,1,62,0.419,109,0.569,0.708,5.3,2.4,1.3,0.28,0.23,0.45
Avery Bradley,Hou,G,30.47,17,23,6,0.833,42,0.381,63,0.27,0.409,5.2,2.3,1.9,0.82,0.18,1.12
Chandler Hutchison,Was,F-G,25.06,18,15.7,23,0.826,66,0.409,19,0.368,0.494,5.2,3.2,0.7,0.61,0.28,0.83
Alize Johnson,Bro,F,25.07,18,10.5,13,1,62,0.629,6,0.167,0.638,5.2,5,0.8,0.28,0.28,0.5
Patrick Patterson,Lac,F,32.18,38,15.3,17,0.765,53,0.604,112,0.357,0.571,5.2,2,0.8,0.37,0.21,0.29
Dylan Windler,Cle,G-F,24.65,31,16.5,27,0.778,53,0.585,78,0.333,0.563,5.2,3.5,1.1,0.61,0.39,1.03
Goga Bitadze,Ind,C-F,21.83,45,12.5,61,0.738,115,0.548,79,0.253,0.523,5.1,3.3,0.8,0.2,1.33,0.38
Sekou Doumbouya,Det,F,20.4,56,15.5,64,0.703,167,0.485,115,0.226,0.459,5.1,2.6,0.8,0.43,0.16,0.79
Jake Layman,Min,F,27.2,45,13.9,37,0.703,106,0.642,78,0.295,0.577,5.1,1.5,0.6,0.64,0.42,0.58
Nerlens Noel,Nyk,C-F,27.1,64,24.2,70,0.714,221,0.62,3,0,0.636,5.1,6.4,0.7,1.09,2.2,1.02
Precious Achiuwa,Mia,F,21.66,61,12.1,110,0.509,227,0.546,1,0,0.55,5,3.4,0.5,0.33,0.46,0.7
Bismack Biyombo,Cha,C,28.72,66,20.4,105,0.448,241,0.589,1,0,0.574,5,5.3,1.2,0.26,1.12,1.08
Nemanja Bjelica,Mia,F,33.02,11,14.2,9,0.556,19,0.526,27,0.37,0.55,5,2.5,1.8,0.64,0.27,0.45
Marc Gasol,Lal,C,36.3,52,19.1,50,0.72,72,0.528,122,0.41,0.606,5,4.1,2.1,0.5,1.12,1.02
Trey Lyles,San,F,25.53,23,15.6,23,0.652,50,0.58,40,0.35,0.574,5,3.7,0.6,0.26,0.04,0.26
Caleb Martin,Cha,F,25.63,53,15.4,64,0.641,131,0.496,125,0.248,0.465,5,2.7,1.3,0.7,0.23,0.62
Jordan McLaughlin,Min,G,25.1,51,18.4,30,0.767,150,0.447,92,0.359,0.502,5,2.1,3.8,1,0.12,1
Brandon Goodwin,Atl,G,25.62,47,13.2,43,0.651,120,0.433,103,0.311,0.471,4.9,1.5,2,0.36,0,0.77
DaQuan Jeffries,Hou,G-F,23.71,13,20.1,1,1,24,0.625,39,0.282,0.504,4.9,3.2,1.2,0.62,0.46,0.46
E'Twaun Moore,Pho,G,32.22,27,14.4,14,0.857,86,0.512,35,0.314,0.523,4.9,1.7,1.5,0.56,0.19,0.85
Jerome Robinson,Was,G,24.23,17,17.9,20,0.8,53,0.321,42,0.262,0.4,4.9,2.2,1.5,0.71,0.35,1.12
Langston Galloway,Pho,G,29.44,40,10.9,23,0.957,62,0.484,85,0.424,0.605,4.8,1.1,0.7,0.2,0,0.33
Wesley Matthews,Lal,G,34.59,58,19.5,41,0.854,55,0.418,197,0.335,0.517,4.8,1.6,0.9,0.64,0.28,0.45
Gabe Vincent,Mia,G,24.92,50,13.1,23,0.87,84,0.5,149,0.309,0.498,4.8,1.1,1.3,0.42,0.04,0.68
Daniel Gafford,Chi,F-C,22.63,31,12.4,41,0.659,87,0.69,0,0,0.7,4.7,3.3,0.5,0.35,1.1,0.71
Rodney Hood,Por,G-F,28.57,38,19.1,12,0.75,117,0.41,84,0.298,0.436,4.7,1.9,1.2,0.53,0.11,0.82
Boban Marjanovic,Dal,C,32.75,33,8.2,38,0.816,114,0.535,8,0.125,0.562,4.7,3.9,0.3,0.06,0.18,0.36
Aaron Nesmith,Bos,G-F,21.58,46,14.5,28,0.786,70,0.543,108,0.37,0.573,4.7,2.8,0.5,0.33,0.2,0.5
Brad Wanamaker,Gol,G,31.81,39,16,56,0.893,112,0.429,61,0.213,0.468,4.7,1.7,2.5,0.67,0.15,0.95
Grant Williams,Bos,F,22.46,63,18.1,51,0.588,118,0.508,129,0.372,0.546,4.7,2.8,1,0.51,0.37,0.89
Yogi Ferrell,Lac,G,28.02,8,12.1,7,1,17,0.353,19,0.316,0.473,4.6,1.5,2.1,0.5,0.25,0
Nassir Little,Por,F-G,21.26,48,13.3,45,0.8,87,0.575,80,0.35,0.589,4.6,2.7,0.5,0.1,0.27,0.38
Semi Ojeleye,Bos,F,26.45,56,17,32,0.75,63,0.492,158,0.367,0.553,4.6,2.6,0.7,0.3,0,0.38
Onyeka Okongwu,Atl,F-C,20.43,50,12,57,0.632,146,0.658,3,0,0.655,4.6,3.3,0.4,0.46,0.66,0.58
JaKarr Sampson,Ind,F,28.16,29,10.9,29,0.655,98,0.541,15,0.2,0.533,4.6,2.7,0.1,0.07,0.48,0.52
Kelan Martin,Ind,F,25.79,35,9.2,10,0.9,78,0.487,60,0.4,0.551,4.5,2.2,0.5,0.29,0.29,0.46
Charlie Brown Jr.,Okc,G,23.29,9,16.9,10,0.9,22,0.364,21,0.238,0.422,4.4,1.9,1,0.44,0.22,0.67
Solomon Hill,Atl,F,30.16,71,21.3,46,0.761,85,0.447,212,0.321,0.496,4.4,3,1.1,0.7,0.15,0.59
Andre Iguodala,Mia,G-F,37.3,63,21.3,38,0.658,66,0.53,182,0.33,0.519,4.4,3.5,2.3,0.92,0.52,1.06
Stanley Johnson,Tor,F-G,24.97,61,16.5,55,0.8,96,0.458,137,0.328,0.519,4.4,2.5,1.5,0.85,0.31,0.89
Luke Kornet,Bos,F-C,25.84,18,14.1,2,0.5,38,0.684,36,0.25,0.534,4.4,2.9,1.1,0.11,1.39,0.33
JJ Redick,Dal,G,36.89,13,11.3,5,0.8,15,0.267,38,0.395,0.516,4.4,0.9,0.8,0.15,0.08,0.85
P.J. Tucker,Hou,F,36.03,32,30,23,0.783,45,0.467,86,0.314,0.5,4.4,4.6,1.4,0.88,0.56,1.03
Yuta Watanabe,Tor,G-F,26.59,50,14.5,29,0.828,90,0.478,90,0.4,0.565,4.4,3.2,0.8,0.52,0.4,0.38
Troy Brown Jr.,Was,G-F,21.8,21,13.7,15,0.667,43,0.442,46,0.304,0.471,4.3,2.9,0.9,0.14,0.19,0.76
Devin Cannady,Orl,G,24.99,8,9.3,7,0.857,12,0.417,16,0.375,0.547,4.3,0.6,0.1,0.63,0.13,0.25
Mfiondu Kabengele,Cle,F-C,23.76,16,11.6,14,0.786,25,0.6,32,0.281,0.538,4.3,2.9,0.8,0.38,0.63,0.56
John Konchar,Mem,G,25.15,43,13.4,30,0.833,82,0.585,56,0.375,0.608,4.3,3,1.1,0.7,0.21,0.42
Javonte Green,Bos,G-F,27.82,25,13.8,30,0.667,49,0.653,22,0.318,0.624,4.2,2.1,0.4,0.72,0.08,0.52
Mike Scott,Phi,F,32.83,51,16.7,12,0.667,56,0.411,155,0.342,0.492,4.2,2.4,0.8,0.47,0.27,0.37
Jevon Carter,Pho,G,25.67,60,11.9,7,0.571,72,0.528,151,0.371,0.548,4.1,1.5,1.2,0.48,0.15,0.27
Josh Hall,Okc,F,20.6,21,16,44,0.5,62,0.419,37,0.108,0.363,4.1,2.8,1.3,0.19,0.05,1.19
Kevon Looney,Gol,F,25.27,61,19,48,0.646,180,0.578,17,0.235,0.575,4.1,5.3,1.9,0.36,0.36,0.61
Nico Mannion,Gol,G,20.18,30,12.1,28,0.821,53,0.321,60,0.367,0.491,4.1,1.5,2.3,0.53,0.03,1.07
Darius Miller,Okc,F,31.16,18,10.9,12,1,6,0.833,42,0.405,0.685,4.1,1.3,1.2,0.67,0.28,0.44
Lamar Stevens,Cle,F,23.86,40,12.5,51,0.725,111,0.523,25,0.16,0.521,4.1,2.4,0.6,0.43,0.33,0.58
Brodric Thomas,Cle,G,24.3,28,13.4,39,0.667,48,0.458,53,0.283,0.487,4.1,1.8,0.9,0.5,0.32,0.64
Obi Toppin,Nyk,F,23.2,62,11,26,0.731,124,0.629,85,0.306,0.574,4.1,2.2,0.5,0.27,0.24,0.37
Paul Watson,Tor,G,26.38,27,11,8,0.625,18,0.444,64,0.469,0.649,4.1,1.7,0.6,0.19,0.11,0.33
Jordan Bone,Orl,G,23.53,14,14,0,0,22,0.591,32,0.313,0.519,4,1.7,1.3,0.14,0,0.21
Chris Chiozza,Bro,G,25.49,22,10.6,17,0.765,46,0.391,42,0.31,0.461,4,1.1,3,0.32,0.27,0.73
Carsen Edwards,Bos,G,23.18,31,8.9,13,0.846,48,0.604,63,0.286,0.527,4,0.8,0.5,0.23,0.03,0.23
Udonis Haslem,Mia,F,40.94,1,2.7,0,0,2,1,0,0,1,4,1,0,0,0,0
Cody Martin,Cha,F,25.63,52,16.3,43,0.581,130,0.515,58,0.276,0.5,4,3.1,1.7,0.73,0.23,0.77
Nicolo Melli,Dal,F,30.3,23,14.1,18,0.722,34,0.441,48,0.333,0.506,4,2.8,0.8,0.26,0.13,0.22
Rodney Hood,Tor,G-F,28.57,17,12.7,16,0.938,30,0.4,29,0.31,0.5,3.9,1.8,0.4,0.24,0.18,0.29
Justin James,Sac,G-F,24.31,36,8.6,36,0.583,73,0.521,38,0.368,0.548,3.9,0.8,0.6,0.22,0.08,0.42
Kevin Knox II,Nyk,F,21.77,42,11.1,20,0.8,54,0.389,89,0.393,0.537,3.9,1.5,0.5,0.29,0.14,0.4
Rajon Rondo,Atl,G,35.23,27,14.9,2,0.5,65,0.415,45,0.378,0.478,3.9,2,3.5,0.7,0.07,1.44
Matisse Thybulle,Phi,G-F,24.2,65,20,18,0.444,100,0.59,143,0.301,0.508,3.9,1.9,1,1.62,1.09,0.49
Dante Exum,Cle,G,25.84,6,19.4,2,0.5,15,0.533,11,0.182,0.428,3.8,2.8,2.2,0.67,0.33,1.17
Ersan Ilyasova,Uta,F,34.01,17,8.7,5,1,13,0.231,41,0.439,0.578,3.8,1.7,0.2,0.59,0.18,0.47
Nathan Knight,Atl,F-C,23.66,33,8.4,55,0.8,66,0.47,33,0.182,0.503,3.8,2.2,0.2,0.27,0.3,0.45
Thon Maker,Cle,F-C,20,8,9.6,11,0.909,16,0.625,2,0,0.657,3.8,2.3,0.5,0.25,0.5,0.38
Skylar Mays,Atl,G,23.7,33,8.2,25,0.88,58,0.517,40,0.35,0.569,3.8,1.1,0.9,0.42,0.06,0.27
Tremont Waters,Bos,G,23.35,26,9.1,17,0.941,46,0.413,38,0.395,0.541,3.8,0.8,2.4,0.58,0.04,1.04
Isaiah Joe,Phi,G,21.87,41,9.3,24,0.75,27,0.333,106,0.368,0.533,3.7,0.9,0.5,0.29,0.1,0.27
Luka Samanic,San,F,21.35,33,9.3,29,0.552,62,0.565,43,0.279,0.518,3.7,2.1,0.5,0.24,0.24,0.61
Matt Thomas,Uta,G,26.78,19,7.1,7,0.857,26,0.615,39,0.256,0.499,3.6,1.2,0.5,0.11,0,0.42
D.J. Wilson,Mil,F,25.24,12,8.7,2,0.5,15,0.4,28,0.357,0.49,3.6,2.1,0.3,0.08,0.33,0.33
Isaiah Hartenstein,Den,C-F,23.03,30,9.1,36,0.611,80,0.513,0,0,0.543,3.5,2.8,0.5,0.37,0.67,0.7
DaQuan Jeffries,Sac,G-F,23.71,18,12.9,7,0.857,29,0.517,28,0.321,0.524,3.5,1.6,0.3,0.39,0.22,0.44
Gary Clark,Orl,F,26.5,35,18.2,10,0.8,23,0.391,108,0.287,0.439,3.4,3.2,0.9,0.34,0.2,0.49
Wenyen Gabriel,Nor,F,24.14,21,11.5,17,0.647,28,0.393,32,0.406,0.533,3.4,2.6,0.5,0.43,0.38,0.71
Paul Reed,Phi,F,21.92,26,6.8,8,0.5,72,0.583,6,0,0.54,3.4,2.3,0.5,0.38,0.5,0.46
Sindarius Thornwell,Orl,G,26.5,7,20.5,6,0.667,11,0.364,14,0.286,0.434,3.4,1.9,2.4,1,0.14,0.43
Shaquille Harrison,Den,G,27.61,17,16.3,16,0.813,44,0.386,14,0.214,0.431,3.3,2.3,0.9,0.88,0.29,0.35
Meyers Leonard,Mia,F-C,29.22,3,9.8,2,0.5,0,0,7,0.429,0.635,3.3,2.3,0.7,0,0,0.67
Zeke Nnaji,Den,F-C,20.35,41,9.5,15,0.8,44,0.591,57,0.421,0.632,3.3,1.6,0.2,0.17,0.1,0.17
Amir Coffey,Lac,G-F,23.92,44,9,38,0.711,47,0.468,56,0.411,0.585,3.2,1,0.5,0.23,0,0.34
Killian Tillie,Mem,F-C,23.2,18,10.1,11,0.818,24,0.375,33,0.303,0.461,3.2,1.3,0.4,0.28,0.44,0.11
Ryan Arcidiacono,Chi,G,27.14,44,10.2,20,0.65,50,0.48,67,0.373,0.541,3.1,1.5,1.3,0.2,0,0.23
Mamadi Diakite,Mil,F,24.32,14,10.1,14,0.786,32,0.469,8,0.125,0.477,3.1,2.4,0.6,0.5,0.43,0.21
Anthony Gill,Was,F,28.58,26,8.4,16,0.813,36,0.639,24,0.292,0.597,3.1,2,0.4,0.38,0.15,0.31
Romeo Langford,Bos,G-F,21.56,18,15.7,12,0.75,41,0.39,18,0.278,0.436,3.1,1.9,0.7,0.33,0.22,0.56
Alfonzo McKinnie,Lal,F,28.66,39,6.6,18,0.556,54,0.593,39,0.41,0.604,3.1,1.4,0.2,0.18,0,0.13
Jahmi'us Ramsey,Sac,G,19.94,13,7.3,5,1,19,0.526,19,0.263,0.498,3.1,0.8,0.5,0.31,0.08,0.23
Rodions Kurucs,Mil,F,23.28,5,6.7,2,1,4,0.5,4,0.75,0.845,3,1.8,0.8,0.6,0,0.8
Sam Merrill,Mil,G,25,30,7.8,4,1,25,0.44,47,0.447,0.603,3,1,0.7,0.27,0.03,0.33
Norvel Pelle,Sac,C,28.28,1,3.8,4,0.75,1,0,0,0,0.543,3,1,1,0,0,0
Reggie Perry,Bro,F-C,21.15,26,8.1,13,0.769,57,0.491,21,0.19,0.466,3,2.8,0.5,0.23,0.23,0.58
Dennis Smith Jr.,Nyk,G,23.47,3,9.2,6,0.833,6,0.333,4,0,0.356,3,0.7,1,1,0,0.33
Thanasis Antetokounmpo,Mil,F,28.83,57,9.7,49,0.51,108,0.556,29,0.241,0.523,2.9,2.2,0.8,0.39,0.18,0.75
Trent Forrest,Uta,G,22.93,30,10.1,19,1,45,0.6,26,0.192,0.554,2.9,1.5,1.5,0.3,0.13,0.7
Jordan Bell,Was,F,26.36,5,13.4,0,0,18,0.389,2,0,0.35,2.8,3.8,1,0.6,0.6,0.6
Bruno Caboclo,Hou,F,25.65,6,6.1,2,0.5,12,0.667,5,0,0.475,2.8,2.3,0.2,0,0.33,0.67
Matthew Dellavedova,Cle,G,30.69,13,17.2,4,1,31,0.323,25,0.16,0.312,2.8,1.8,4.5,0.31,0.08,0.46
Harry Giles III,Por,F-C,23.07,38,9.2,27,0.593,74,0.459,23,0.348,0.496,2.8,3.5,0.8,0.21,0.34,0.53
Kyle Guy,Sac,G,23.77,31,7.6,20,0.8,42,0.381,46,0.283,0.449,2.8,1.1,1,0.19,0,0.35
Markus Howard,Den,G,22.21,37,5.5,9,0.778,41,0.537,65,0.277,0.477,2.8,0.6,0.5,0.11,0.03,0.49
Wes Iwundu,Nor,F,26.41,18,14,17,0.824,32,0.469,18,0.111,0.435,2.8,2.6,0.4,0.33,0.06,0.72
Mason Jones,Phi,G,22.82,6,4.5,7,0.714,7,0.571,2,0.5,0.662,2.7,0.7,0.5,0.17,0,0.17
Marcos Louzada Silva,Nor,G,20,3,18.8,0,0,5,0.2,8,0.25,0.308,2.7,1,1,0.67,0,1
Frank Ntilikina,Nyk,G,22.8,33,9.8,18,0.444,31,0.194,48,0.479,0.512,2.7,0.9,0.6,0.55,0.12,0.33
Jabari Parker,Sac,F,26.17,3,9.1,0,0,6,0.667,1,0,0.571,2.7,2,0.3,0,0.33,1
Chris Silva,Mia,F,24.66,11,7.5,15,0.733,12,0.667,1,1,0.765,2.7,2.3,0.5,0.09,0.45,0.82
Matt Thomas,Tor,G,26.78,26,7.4,7,0.857,21,0.333,41,0.415,0.545,2.7,0.8,0.3,0.08,0,0.23
Keita Bates-Diop,San,F,25.31,30,8.2,21,0.667,50,0.5,17,0.294,0.518,2.6,1.6,0.4,0.37,0.17,0.23
Amida Brimah,Ind,C,27.26,5,5.9,3,1,8,0.625,0,0,0.697,2.6,1.6,0.2,0,1,0.8
Tacko Fall,Bos,C,25.43,18,7.5,15,0.333,29,0.724,0,0,0.66,2.6,2.9,0.2,0.06,1.11,0.33
Javonte Green,Chi,G-F,27.82,16,8,10,1,23,0.478,8,0.375,0.579,2.6,1.2,0.4,0.63,0.25,0.38
Josh Green,Dal,G,20.5,39,11.4,23,0.565,68,0.559,25,0.16,0.49,2.6,2,0.7,0.41,0.08,0.44
R.J. Hampton,Den,G,20.27,25,9.3,12,0.75,42,0.476,18,0.278,0.49,2.6,2,0.6,0.2,0.08,0.44
Grant Riller,Cha,G,24.27,7,3.9,0,0,8,0.75,4,0.5,0.75,2.6,0.1,0.4,0.14,0,0.14
P.J. Tucker,Mil,F,36.03,20,19.8,5,0.6,13,0.385,33,0.394,0.539,2.6,2.8,0.8,0.5,0.1,0.35
Anderson Varejao,Cle,F,38.63,5,7.2,9,0.556,15,0.267,1,0,0.326,2.6,4,0.6,0,0.4,0.2
Torrey Craig,Mil,F,30.41,18,11.2,2,0.5,24,0.417,22,0.364,0.48,2.5,2.4,0.9,0.5,0.39,0.28
Rondae Hollis-Jefferson,Por,F,26.37,11,9.8,16,0.563,17,0.529,1,0,0.539,2.5,2.4,1.2,0.18,0.36,0.18
Tre Jones,San,G,21.35,37,7.3,19,0.895,73,0.466,5,0.6,0.544,2.5,0.6,1.1,0.22,0,0.35
KZ Okpala,Mia,F-G,22.05,37,12.1,15,0.533,46,0.522,50,0.24,0.448,2.5,1.8,0.5,0.27,0.3,0.41
Gary Payton II,Gol,G,28.46,10,4,4,0.75,9,0.889,4,0.5,0.847,2.5,1.1,0.1,0.6,0.1,0.1
Brodric Thomas,Hou,G,24.3,4,6.1,7,0.714,1,1,6,0.167,0.496,2.5,1,1,0.25,0.25,1
Vernon Carey Jr.,Cha,F-C,20.22,19,6,11,0.818,29,0.586,7,0.143,0.563,2.4,1.4,0.1,0.05,0.26,0.26
Jeremiah Martin,Cle,G,24.91,9,8.4,5,0.2,21,0.286,12,0.25,0.313,2.4,0.8,0.4,0.56,0.22,0.67
Rayjon Tucker,Phi,G,23.64,14,4.9,19,0.737,11,0.636,7,0.286,0.645,2.4,0.8,0.4,0.14,0,0.29
Jarrell Brantley,Uta,F,24.94,28,4.9,2,1,24,0.542,28,0.429,0.605,2.3,1,0.5,0.25,0.07,0.29
CJ Elleby,Por,F-G,20.92,30,6.4,15,0.733,32,0.563,34,0.206,0.468,2.3,1.1,0.3,0.2,0.1,0.17
Alex Len,Tor,C,27.92,7,10.8,6,0.5,4,0.5,6,0.5,0.633,2.3,1.6,0.4,0.14,0.86,1.14
Justin Robinson,Okc,G,23.6,9,9.8,5,0.6,7,0.429,14,0.286,0.453,2.3,0.8,1,0.33,0,0.22
Quinndary Weatherspoon,San,G,24.68,20,6.1,16,0.813,29,0.517,6,0.167,0.547,2.3,0.6,0.4,0.4,0.1,0.5
Bol Bol,Den,C-F,21.5,32,5,15,0.667,34,0.471,24,0.375,0.534,2.2,0.8,0.2,0.09,0.31,0.41
Sean McDermott,Mem,F,24.53,18,8.8,8,1,11,0.727,22,0.227,0.534,2.2,1.1,0.2,0.11,0.17,0.22
Vlatko Cancar,Den,F,24.1,41,6.9,13,0.769,40,0.6,33,0.273,0.54,2.1,1.2,0.3,0.27,0.05,0.34
Quinn Cook,Lal,G,28.15,16,3.9,5,0.8,13,0.538,13,0.385,0.585,2.1,0.3,0.3,0.06,0.06,0.19
Ed Davis,Min,C-F,31.95,23,13,12,0.833,44,0.432,0,0,0.487,2.1,5,0.9,0.57,0.57,0.3
Devon Dotson,Chi,G,21.79,11,4.6,0,0,14,0.714,7,0.143,0.548,2.1,0.5,0.6,0.36,0,0
Wes Iwundu,Dal,F,26.41,23,12.5,14,0.857,29,0.483,23,0.13,0.421,2.1,1.9,0.4,0.39,0.13,0.26
Deividas Sirvydis,Det,F-G,20.93,20,6.7,6,0.5,12,0.333,28,0.357,0.481,2.1,1.5,0.3,0.1,0,0.25
Isaac Bonga,Was,G,21.52,40,10.8,8,0.625,34,0.5,47,0.277,0.461,2,1.7,0.6,0.28,0.23,0.55
Devontae Cacok,Lal,F,24.6,20,4.9,11,0.455,29,0.586,0,0,0.576,2,1.6,0.1,0.25,0.2,0.2
Nate Hinton,Dal,G-F,21.94,21,4.4,10,0.7,23,0.478,19,0.211,0.442,2,0.4,0.4,0.29,0.1,0.24
Luke Kornet,Chi,F-C,25.84,13,7.2,4,0.5,4,0.75,23,0.261,0.452,2,1.2,0.3,0.15,0.54,0.08
Nicolo Melli,Nor,F,30.3,22,11,7,0.857,22,0.364,37,0.189,0.346,2,2.6,1.1,0.41,0.05,0.32
Norvel Pelle,Bro,C,28.28,3,9.3,0,0,7,0.429,0,0,0.429,2,2.3,0,0,1,1
Jontay Porter,Mem,C-F,21.5,11,4.9,5,0.6,7,0.714,8,0.375,0.64,2,1.3,0.1,0.27,0.09,0.64
Jalen Smith,Pho,F-C,21.17,27,5.8,7,0.714,33,0.545,17,0.235,0.499,2,1.4,0.1,0.04,0.19,0.26
Ray Spalding,Hou,F,24.18,2,9.4,2,0,3,0.667,1,0,0.41,2,2,0,0,1,1.5
Chandler Hutchison,Chi,F-G,25.06,7,9.1,2,1,15,0.267,3,0.333,0.344,1.9,2.9,0.6,0.14,0,0.71
Miye Oni,Uta,G-F,23.78,54,9.6,6,0.833,11,0.455,88,0.341,0.517,1.9,1.6,0.5,0.2,0.15,0.3
Alen Smailagic,Gol,F,20.74,15,5.6,6,0.333,17,0.412,10,0.4,0.472,1.9,1.1,0.3,0.2,0.33,0.33
Cassius Winston,Was,G,23.21,22,4.5,6,0.833,16,0.375,17,0.471,0.575,1.9,0.4,0.5,0.09,0.05,0.23
Daniel Oturu,Lac,C,21.66,30,5.4,12,0.75,47,0.447,5,0.2,0.471,1.8,1.6,0.3,0.17,0.23,0.3
Axel Toupane,Mil,G-F,20,8,7.7,7,0.714,9,0.333,2,0.5,0.497,1.8,0.8,0.5,0.25,0.38,0
Elijah Hughes,Uta,G,23.19,18,3.5,4,0.75,7,0.286,23,0.348,0.488,1.7,0.5,0.3,0.06,0.06,0.33
T.J. Leaf,Por,F,24.05,7,5.1,2,1,10,0.5,0,0,0.551,1.7,0.7,0.1,0.29,0.14,0.29
James Nunnally,Nor,F,30.84,9,5.3,2,0.5,1,1,12,0.333,0.54,1.7,1,0.3,0,0,0.22
Tim Frazier,Mem,G,30.54,5,12.4,6,0.333,12,0.25,8,0,0.177,1.6,1.6,3.2,0.4,0.2,0.8
Damian Jones,Pho,C,25.88,14,6.7,11,0.545,15,0.533,1,0,0.528,1.6,1.3,0.3,0.07,0.36,0.43
Al-Farouq Aminu,Chi,F,30.65,6,11.2,5,0.8,4,0.25,6,0.167,0.369,1.5,3.2,0.3,0.33,0,0.5
Bruno Fernando,Atl,F-C,22.75,33,6.8,22,0.682,42,0.429,2,0,0.475,1.5,2.4,0.3,0.12,0.09,0.64
Cassius Stanley,Ind,G,21.75,24,3.9,9,0.778,30,0.333,13,0.231,0.383,1.5,0.8,0,0.04,0.08,0.04
Anthony Tolliver,Phi,F,35.96,11,9,6,0.833,3,0,14,0.286,0.433,1.5,0.9,0.2,0.27,0.18,0.27
Robert Woodard II,Sac,F,21.65,13,3.5,8,0.375,14,0.5,6,0.167,0.425,1.5,1.2,0.2,0,0.23,0.08
Maurice Harkless,Mia,F-G,28.02,11,11.2,2,0,2,0,11,0.455,0.54,1.4,1.2,0.6,0.18,0.36,0.27
Nate Darling,Cha,G,22.71,7,3.7,3,1,0,0,7,0.286,0.541,1.3,0.1,0.1,0,0.14,0.14
Kris Dunn,Atl,G,27.16,4,11.4,4,0.75,10,0.1,2,0,0.182,1.3,1.5,0.5,0.5,0.5,0.75
Cristiano Felicio,Chi,F-C,28.86,18,4.6,16,0.563,11,0.636,2,0,0.574,1.3,1.4,0.5,0.22,0,0.22
Jalen Lecque,Ind,G,20.92,4,3,3,1,8,0.125,1,0,0.242,1.3,1.3,0.5,0,0,0
Marques Bolden,Cle,C,23.08,6,4.8,8,0.625,3,0.333,0,0,0.537,1.2,1,0,0.33,0.33,0.33
Mfiondu Kabengele,Lac,F-C,23.76,23,4.1,6,0.833,14,0.357,18,0.222,0.39,1.2,0.6,0.2,0.09,0.13,0.26
Rodions Kurucs,Hou,F,23.28,11,6.8,2,0.5,6,0.5,15,0.133,0.297,1.2,1,0.4,0.55,0.36,0.82
Juwan Morgan,Uta,F,24.08,29,5.1,7,0.429,17,0.588,13,0.308,0.529,1.2,1,0.3,0.14,0.03,0.14
Norvel Pelle,Nyk,C,28.28,9,5.8,2,0.5,7,0.714,0,0,0.698,1.2,1.2,0.1,0.11,0.67,0
Andre Roberson,Bro,G-F,29.45,5,12.6,2,0.5,6,0.167,8,0.125,0.202,1.2,3,0.8,0.6,0.2,0.4
Sindarius Thornwell,Nor,G,26.5,14,5.2,2,0,12,0.333,9,0.333,0.388,1.2,0.4,0.3,0.36,0.07,0.29
Moritz Wagner,Bos,F-C,24.06,9,6.8,2,0.5,8,0.25,6,0.333,0.37,1.2,2.1,0.7,0,0.11,1
Udoka Azubuike,Uta,C-F,21.66,15,3.8,10,0.8,9,0.444,0,0,0.597,1.1,0.9,0,0.07,0.27,0.2
Karim Mane,Orl,G,21,10,8.8,5,0.8,11,0.182,2,0.5,0.362,1.1,1.4,0.4,0,0.2,0.3
Adam Mokoka,Chi,G,22.83,14,4,1,0,9,0.667,10,0.1,0.386,1.1,0.4,0.4,0.14,0.07,0.36
Jordan Bell,Gol,F,26.36,1,14.7,2,0.5,2,0,0,0,0.174,1,5,2,0,2,1
Tyler Bey,Dal,F,23.26,18,3.9,5,0.6,18,0.333,4,0.25,0.372,1,1,0.2,0,0.06,0.17
Malik Fitts,Lac,F,20,3,3.6,0,0,1,0,2,0.5,0.5,1,1,0,0,0,0
Shaquille Harrison,Uta,G,27.61,17,3.3,6,0.833,18,0.333,2,0,0.375,1,0.5,0.5,0.12,0,0.29
Patrick McCaw,Tor,G,25.56,5,6.7,3,1,1,1,0,0,1.078,1,0.6,0.8,0.4,0,0
Iman Shumpert,Bro,G,30.89,2,5.5,0,0,1,1,3,0,0.25,1,0.5,0,0.5,0,0.5
Tyrell Terry,Dal,G,20.63,11,5.1,3,0.333,9,0.556,7,0,0.318,1,0.5,0.5,0.45,0,0.18
Kostas Antetokounmpo,Lal,F,23.49,15,3.7,13,0.462,10,0.3,0,0,0.382,0.8,1.3,0.1,0.13,0.27,0.73
Vincent Poirier,Phi,C-F,27.58,10,3.9,6,0.333,11,0.273,1,0,0.273,0.8,1.3,0.2,0,0.3,0.3
Nick Richards,Cha,C,23.46,18,3.5,11,0.636,8,0.5,1,0,0.542,0.8,0.6,0.1,0,0,0.17
Keljin Blevins,Por,G,25.48,17,4.4,0,0,12,0.25,8,0.25,0.3,0.7,0.6,0.2,0.12,0,0.29
Cameron Reynolds,San,F,26.27,3,2.1,0,0,2,0.5,0,0,0.5,0.7,0,0,0,0,0
Ty-Shon Alexander,Pho,G,22.84,15,3.2,2,0.5,3,0.333,9,0.222,0.349,0.6,0.7,0.4,0,0.07,0.2
Brian Bowen II,Ind,F-G,22.62,5,2.8,1,1,3,0.333,1,0,0.338,0.6,0.6,0,0,0,0
Rodions Kurucs,Bro,F,23.28,5,3.2,0,0,1,0,2,0.5,0.5,0.6,0.6,0.4,0,0,0
Ignas Brazdeikis,Nyk,F,22.35,4,1.8,2,1,1,0,0,0,0.532,0.5,0.5,0.3,0,0,0.25
Tyler Cook,Bro,F,23.65,4,4.2,0,0,3,0.333,0,0,0.333,0.5,0.5,0.5,0,0,0.25
Jared Dudley,Lal,F,35.85,12,6.7,0,0,3,0,6,0.333,0.333,0.5,1.8,0.4,0.08,0.08,0.17
Chris Silva,Sac,F,24.66,4,2.4,0,0,3,0.333,0,0,0.333,0.5,0.5,0,0,0.25,0.25
Jared Harper,Nyk,G,23.67,8,2,4,0.75,3,0,1,0,0.26,0.4,0.3,0.1,0,0,0.38
Jaylen Adams,Mil,G,25.03,7,2.6,0,0,6,0.167,2,0,0.125,0.3,0.4,0.3,0,0,0
Terrance Ferguson,Phi,G,23,13,3.8,0,0,2,0.5,5,0,0.143,0.2,0.1,0.2,0.08,0,0.31
Theo Pinson,Nyk,G-F,25.53,17,2,0,0,1,1,8,0,0.111,0.1,0.3,0.1,0,0,0.06
Ignas Brazdeikis,Phi,F,22.35,1,7.9,0,0,2,0,1,0,0,0,2,0,0,0,0
Gary Clark,Den,F,26.5,2,2.1,0,0,0,0,0,0,,0,0.5,0,0,0,0
Gary Clark,Phi,F,26.5,2,6.4,0,0,1,0,0,0,0,0,1,0.5,0.5,0,0
Ashton Hagans,Min,G-F,21.86,2,2.1,0,0,0,0,0,0,,0,0,0,0,0,0.5
Will Magnay,Nor,C,22.93,1,3.3,0,0,0,0,1,0,0,0,0,0,0,0,1
Anzejs Pasecniks,Was,C-F,25.41,1,6.3,0,0,0,0,1,0,0,0,1,1,0,0,5
Noah Vonleh,Bro,F,25.73,4,2.7,0,0,1,0,2,0,0,0,0.3,0.3,0,0,0.5
Greg Whittington,Den,F,28.27,4,3,0,0,1,0,2,0,0,0,0,0,0,0,0
